% Model,SiGratingSlab.mph
% Version,COMSOL 5.4.0.388
% Date,"Aug 17 2026, 16:06"
% Table,"Table 6 - Global Evaluation 2 (freq, real(freq)/(2*abs(imag(freq))))"
% U (rad),lambda (THz),Frequency (1/s),Q (1)
0,0.5873578572585186+0.061258863810609764i,5.873578572585187E11+6.1258863810609764E10i,4.79406424411018
0,0.9830528460190167+0.09071704388013394i,9.830528460190167E11+9.071704388013394E10i,5.418236772121577
0,1.226736698551277+0.004544636454677212i,1.226736698551277E12+4.544636454677212E9i,134.96532789644309
0,1.2368321467654126+2.4702634972170778E-8i,1.2368321467654126E12+24702.634972170777i,2.5034417343712308E7
0,1.2478739404631518+0.40002184716624034i,1.2478739404631519E12+4.0002184716624036E11i,1.5597572348899267
0,1.2574879545927622+0.48608669452787445i,1.2574879545927622E12+4.8608669452787445E11i,1.2934811513552467
0,1.4871625234954842+0.08030122921005356i,1.4871625234954841E12+8.030122921005356E10i,9.259898871568545
0,1.626379009257894+7.66177320274741E-8i,1.626379009257894E12+76617.73202747409i,1.0613594048142122E7
0,1.6746077355144298+0.024984615171511633i,1.6746077355144297E12+2.4984615171511635E10i,33.51277824410676
0,1.8987646000629652+0.08581731966635268i,1.8987646000629653E12+8.581731966635269E10i,11.06282861924103
0,2.032432999158545+6.402983016885289E-8i,2.0324329991585447E12+64029.83016885288i,1.5870985396953432E7
0,2.1835908345567296+0.017491564456992414i,2.1835908345567295E12+1.7491564456992413E10i,62.418397162977016
0,2.2539367364321996-4.44087902552521E-9i,2.2539367364321997E12-4440.87902552521i,2.5377146320323747E8
0,2.2972324927069745-4.712779534937904E-9i,2.2972324927069746E12-4712.779534937905i,2.4372373836677283E8
0,2.297401816462819+2.0742638237518685E-5i,2.297401816462819E12+2.0742638237518687E7i,55378.727386455226
0,2.435089576056561+0.0842941746419019i,2.435089576056561E12+8.42941746419019E10i,14.44399679100778
0,2.5452890228839267-2.5955565916143194E-7i,2.545289022883927E12-259555.65916143195i,4903166.109163645
0,2.5957106345240497+0.0052424358476011205i,2.59571063452405E12+5.242435847601121E9i,247.56722924056547
0,2.6566475912606933-7.246352406051672E-7i,2.6566475912606934E12-724635.2406051672i,1833093.011762744
0,2.7069522102857473+0.03438453572721976i,2.7069522102857476E12+3.438453572721976E10i,39.362930937334845
0.004363323129985824,0.5873747216865778+0.06124977550610275i,5.873747216865778E11+6.124977550610275E10i,4.794913261584554
0.004363323129985824,0.9830598473746792+0.09070772383855666i,9.830598473746792E11+9.070772383855666E10i,5.418832078315337
0.004363323129985824,1.2262607702232033+0.004340021581314296i,1.2262607702232034E12+4.340021581314296E9i,141.2735797792799
0.004363323129985824,1.237307943602928+2.0497938718637556E-4i,1.237307943602928E12+2.0497938718637556E8i,3018.12772636967
0.004363323129985824,1.2478988163456863+0.40001564096006414i,1.2478988163456863E12+4.0001564096006415E11i,1.559812528018462
0.004363323129985824,1.257514872386519+0.48607938386045046i,1.257514872386519E12+4.860793838604505E11i,1.2935282940816324
0.004363323129985824,1.4871561281938779+0.08029148451323463i,1.487156128193878E12+8.029148451323463E10i,9.260982887598413
0.004363323129985824,1.6263399399101783+4.890992851674151E-5i,1.6263399399101785E12+4.8909928516741514E7i,16625.867070665357
0.004363323129985824,1.6746534772219954+0.02494439450695544i,1.6746534772219954E12+2.494439450695544E10i,33.56773155497999
0.004363323129985824,1.8987611197583991+0.08581581300225455i,1.8987611197583992E12+8.581581300225455E10i,11.063002571032655
0.004363323129985824,2.032420573567561+1.4978161771123735E-6i,2.032420573567561E12+1497816.1771123735i,678461.2840428278
0.004363323129985824,2.183583701946673+0.01749521898672814i,2.183583701946673E12+1.749521898672814E10i,62.405154905552706
0.004363323129985824,2.253940527675333+4.585584572769806E-7i,2.253940527675333E12+458558.45727698057i,2457637.0710287625
0.004363323129985824,2.2949115661508466+1.0173028990746023E-5i,2.2949115661508467E12+1.0173028990746023E7i,112793.91655319331
0.004363323129985824,2.299729084560702+1.062250046583592E-5i,2.299729084560702E12+1.0622500465835921E7i,108248.01052996369
0.004363323129985824,2.4350885435305996+0.08428897991441732i,2.4350885435305996E12+8.428897991441733E10i,14.444880849211028
0.004363323129985824,2.5452278667603836+8.322088342078511E-6i,2.545227866760384E12+8322088.342078512i,152920.02212299826
0.004363323129985824,2.595744500038971+0.005233022394827874i,2.595744500038971E12+5.233022394827874E9i,248.01580274188288
0.004363323129985824,2.6566720037537803+6.746165689128602E-6i,2.6566720037537803E12+6746165.689128602i,196902.3684101762
0.004363323129985824,2.70695721706561+0.034381914996633824i,2.70695721706561E12+3.438191499663383E10i,39.36600415262843
0.008726646259971648,0.5874253106414234+0.06122251914416301i,5.874253106414235E11+6.122251914416301E10i,4.797461120949553
0.008726646259971648,0.9830808531783541+0.09067976907309906i,9.830808531783541E11+9.067976907309906E10i,5.4206184203329295
0.008726646259971648,1.2249495560715993+0.003922047945557115i,1.2249495560715994E12+3.922047945557115E9i,156.16198132651832
0.008726646259971648,1.2386187634803332+6.239732111946349E-4i,1.2386187634803333E12+6.239732111946349E8i,992.5255934537012
0.008726646259971648,1.2479734414042316+0.3999970198577996i,1.2479734414042317E12+3.999970198577996E11i,1.5599784241491232
0.008726646259971648,1.2575956200558625+0.48605745479253587i,1.2575956200558625E12+4.860574547925359E11i,1.293669717083799
0.008726646259971648,1.4871369318704213+0.08026224200452195i,1.4871369318704214E12+8.026224200452196E10i,9.264237421791908
0.008726646259971648,1.6262223685788215+1.9470051702869957E-4i,1.6262223685788215E12+1.9470051702869958E8i,4176.214818009729
0.008726646259971648,1.6747910741616268+0.024824449115269244i,1.6747910741616267E12+2.4824449115269245E10i,33.73269365182974
0.008726646259971648,1.8987506773836882+0.08581129218565235i,1.8987506773836882E12+8.581129218565236E10i,11.063524560822072
0.008726646259971648,2.0323833118176675+5.800145787436853E-6i,2.0323833118176675E12+5800145.787436853i,175201.05410279692
0.008726646259971648,2.1835622911906225+0.017506177220442478i,2.1835622911906226E12+1.750617722044248E10i,62.365480015843
0.008726646259971648,2.2539516601613268+1.8464151939588885E-6i,2.2539516601613267E12+1846415.1939588885i,610358.8368249509
0.008726646259971648,2.292515766067894+1.0596902596612898E-5i,2.292515766067894E12+1.0596902596612899E7i,108169.1440100928
0.008726646259971648,2.302144152828877+1.0374785032950385E-5i,2.302144152828877E12+1.0374785032950385E7i,110949.00499226019
0.008726646259971648,2.4350854476350787+0.08427339476071417i,2.4350854476350786E12+8.427339476071417E10i,14.447533854244622
0.008726646259971648,2.5450450496517223+3.381081939994075E-5i,2.545045049651722E12+3.381081939994075E7i,37636.547927853266
0.008726646259971648,2.595845407421818+0.005205066098683757i,2.595845407421818E12+5.205066098683757E9i,249.35758338191405
0.008726646259971648,2.656745284192883+2.9139667759823354E-5i,2.656745284192883E12+2.9139667759823356E7i,45586.40314794358
0.008726646259971648,2.7069722293272305+0.03437404647071258i,2.7069722293272305E12+3.437404647071258E10i,39.37523374842745
0.013089969389957472,0.5875096111326173+0.06117712036380143i,5.875096111326173E11+6.117712036380143E10i,4.801710244278246
0.013089969389957472,0.9831158686322968+0.09063319565672318i,9.831158686322969E11+9.063319565672318E10i,5.423597068980593
0.013089969389957472,1.2231119817314817+0.0035447387587139766i,1.2231119817314817E12+3.544738758713977E9i,172.52498209137758
0.013089969389957472,1.240455681356086+0.0010029852312626018i,1.2404556813560862E12+1.0029852312626019E9i,618.3818279131319
0.013089969389957472,1.2480978078826372+0.39996597641994536i,1.2480978078826372E12+3.999659764199454E11i,1.560254973503288
0.013089969389957472,1.2577301804668366+0.4860209161204724i,1.2577301804668367E12+4.860209161204724E11i,1.293905404839693
0.013089969389957472,1.4871049032081913+0.08021347644343393i,1.4871049032081914E12+8.021347644343393E10i,9.269669942910959
0.013089969389957472,1.6260252588346231+4.3531124510420805E-4i,1.626025258834623E12+4.3531124510420805E8i,1867.6582297401633
0.013089969389957472,1.6750215884085107+0.024626937888122674i,1.6750215884085107E12+2.4626937888122673E10i,34.00791434196854
0.013089969389957472,1.8987332685565652+0.08580375474442023i,1.8987332685565652E12+8.580375474442023E10i,11.064394991875567
0.013089969389957472,2.0323212589255086+1.2973930786943368E-5i,2.0323212589255085E12+1.2973930786943369E7i,78323.26579739367
0.013089969389957472,2.1835265636402807+0.017524423097085223i,2.183526563640281E12+1.7524423097085224E10i,62.29952768041361
0.013089969389957472,2.2539693870097146+4.1553119829423E-6i,2.253969387009715E12+4155311.9829423004i,271215.4221226153
0.013089969389957472,2.290128640736375+1.0992100558363134E-5i,2.290128640736375E12+1.0992100558363134E7i,104171.56523345182
0.013089969389957472,2.3045642267424267+1.0284730224017648E-5i,2.304564226742427E12+1.0284730224017648E7i,112038.14667693671
0.013089969389957472,2.4350802934194635+0.08424741625242332i,2.4350802934194634E12+8.424741625242332E10i,14.451958301744476
0.013089969389957472,2.544742492539468+7.546255994514309E-5i,2.5447424925394683E12+7.546255994514309E7i,16860.960550432883
0.013089969389957472,2.59601132362507+0.005159394973288586i,2.5960113236250703E12+5.159394973288587E9i,251.58098353249147
0.013089969389957472,2.656867560390612+6.639834379496339E-5i,2.656867560390612E12+6.639834379496339E7i,20007.031866600166
0.013089969389957472,2.706997222391127+0.03436090961468433i,2.7069972223911274E12+3.436090961468433E10i,39.39065136439631
0.017453292519943295,0.5876276015000472+0.06111362184945663i,5.876276015000472E11+6.1113621849456635E10i,4.80766467210511
0.017453292519943295,0.9831649023789844+0.09056803036141883i,9.831649023789844E11+9.056803036141884E10i,5.427770143921578
0.017453292519943295,1.2210133050547531+0.0032658283767755323i,1.2210133050547532E12+3.2658283767755322E9i,186.93776343818513
0.017453292519943295,1.2425534403690375+0.0012842848841262697i,1.2425534403690376E12+1.2842848841262698E9i,483.75304254023706
0.017453292519943295,1.248271902890719+0.39992249828542864i,1.248271902890719E12+3.9992249828542865E11i,1.5606422597408047
0.017453292519943295,1.2579185250689928+0.4859697824829706i,1.257918525068993E12+4.8596978248297064E11i,1.2942353315075439
0.017453292519943295,1.487059989808465+0.08014514581153928i,1.487059989808465E12+8.014514581153928E10i,9.277292933656119
0.017453292519943295,1.625747059968877+7.671581071694815E-4i,1.625747059968877E12+7.671581071694815E8i,1059.5906142263545
0.017453292519943295,1.6753466136129125+0.024355481016523274i,1.6753466136129126E12+2.4355481016523273E10i,34.39362606873422
0.017453292519943295,1.898708885975215+0.08579319656109152i,1.898708885975215E12+8.579319656109152E10i,11.065614536364691
0.017453292519943295,2.032234489743807+2.302402607779222E-5i,2.0322344897438074E12+2.302402607779222E7i,44132.90887695778
0.017453292519943295,2.183476455310441+0.017549929865925684i,2.1834764553104412E12+1.7549929865925686E10i,62.20755501564142
0.017453292519943295,2.2539923824991064+7.377489344117356E-6i,2.2539923824991064E12+7377489.344117356i,152761.4800485201
0.017453292519943295,2.287752570614117+1.1476027691111363E-5i,2.287752570614117E12+1.1476027691111363E7i,99675.2810376221
0.017453292519943295,2.3069882627643046+1.0253709471618781E-5i,2.3069882627643047E12+1.025370947161878E7i,112495.30080551884
0.017453292519943295,2.4350730893071817+0.08421103946017434i,2.4350730893071816E12+8.421103946017435E10i,14.458158365678367
0.017453292519943295,2.5443232911855747+1.3211459747267476E-4i,2.5443232911855747E12+1.3211459747267476E8i,9629.228487456947
0.017453292519943295,2.5962389715359153+0.005097312755180219i,2.5962389715359155E12+5.09731275518022E9i,254.66741950427206
0.017453292519943295,2.657039040108523+1.1842536259210882E-4i,2.657039040108523E12+1.1842536259210883E8i,11218.20099153985
0.017453292519943295,2.7070321549871785+0.034342470003586395i,2.7070321549871787E12+3.4342470003586395E10i,39.41231010326984
0.02181661564992912,0.5877792514005815+0.061032083260214635i,5.877792514005815E11+6.103208326021464E10i,4.815330069060094
0.02181661564992912,0.9832279664593391+0.09048431063377717i,9.832279664593391E11+9.048431063377718E10i,5.4331406161606255
0.02181661564992912,1.2187871059536461+0.003062962448945984i,1.2187871059536462E12+3.062962448945984E9i,198.95560691138266
0.02181661564992912,1.244778461997733+0.001490231857693411i,1.244778461997733E12+1.4902318576934109E9i,417.6459037469538
0.02181661564992912,1.2484957084590211+0.39986656822911293i,1.2484957084590212E12+3.998665682291129E11i,1.5611403998941797
0.02181661564992912,1.2581606139047687+0.48590407432805177i,1.2581606139047688E12+4.8590407432805176E11i,1.2946594609693869
0.02181661564992912,1.48700211788378+0.08005719138840457i,1.48700211788378E12+8.005719138840457E10i,9.287123942866401
0.02181661564992912,1.6253859649871736+0.0011852047307287655i,1.6253859649871736E12+1.1852047307287655E9i,685.6983957479426
0.02181661564992912,1.67576801730504+0.024015165382230075i,1.67576801730504E12+2.4015165382230076E10i,34.889787153933526
0.02181661564992912,1.8986775194212997+0.08577961187695801i,1.8986775194212998E12+8.577961187695801E10i,11.067184135460746
0.02181661564992912,2.032123108700605+3.59572312729506E-5i,2.032123108700605E12+3.5957231272950605E7i,28257.502548997727
0.02181661564992912,2.1834118775150717+0.017582660111503907i,2.1834118775150715E12+1.7582660111503906E10i,62.08991880831838
0.02181661564992912,2.254018606697671+1.1498824759913342E-5i,2.254018606697671E12+1.1498824759913342E7i,98010.82518256665
0.02181661564992912,2.2853902504550474+1.210256601872891E-5i,2.2853902504550474E12+1.210256601872891E7i,94417.59073730191
0.02181661564992912,2.3094156212204204+1.0257383440741053E-5i,2.3094156212204204E12+1.0257383440741053E7i,112573.3299609191
0.02181661564992912,2.4350638471075756+0.08416425738036892i,2.4350638471075757E12+8.416425738036893E10i,14.466139920314603
0.02181661564992912,2.543791568926893+2.0228774536104849E-4i,2.543791568926893E12+2.022877453610485E8i,6287.557272405867
0.02181661564992912,2.596523985235744+0.005020498291974375i,2.596523985235744E12+5.020498291974376E9i,258.5922585997562
0.02181661564992912,2.6572600032846037+1.8508338863060047E-4i,2.6572600032846035E12+1.8508338863060048E8i,7178.548066753056
0.02181661564992912,2.7070769690220087+0.03431867905267931i,2.707076969022009E12+3.431867905267931E10i,39.440285053900745
0.026179938779914945,0.5879645217897591+0.06093258113135383i,5.879645217897592E11+6.093258113135383E10i,4.824713731741233
0.026179938779914945,0.9833050762546637+0.09038208456079971i,9.833050762546637E11+9.038208456079971E10i,5.439712311532259
0.026179938779914945,1.2164931725762427+0.0029107128444678114i,1.2164931725762427E12+2.9107128444678116E9i,208.9682558154691
0.026179938779914945,1.2470709598886467+0.0016462611916140458i,1.2470709598886467E12+1.6462611916140459E9i,378.7585366894239
0.026179938779914945,1.2487692016151681+0.39979816424226094i,1.2487692016151682E12+3.997981642422609E11i,1.561749544275629
0.026179938779914945,1.2584563956226367+0.4858238178671124i,1.2584563956226367E12+4.8582381786711237E11i,1.2951777468914285
0.026179938779914945,1.4869311918260284+0.07994953786267914i,1.4869311918260283E12+7.994953786267914E10i,9.299185658708701
0.026179938779914945,1.6249402515081723+0.0016830051260488979i,1.6249402515081724E12+1.683005126048898E9i,482.74964418051377
0.026179938779914945,1.6762876004164926+0.023612501651626438i,1.6762876004164927E12+2.361250165162644E10i,35.495764598517866
0.026179938779914945,1.8986391557641504+0.08576299329788886i,1.8986391557641504E12+8.576299329788887E10i,11.06910499945719
0.026179938779914945,2.0319872494376185+5.1782293191268125E-5i,2.0319872494376184E12+5.178229319126812E7i,19620.483414398743
0.026179938779914945,2.1833327177441366+0.017622565785441028i,2.1833327177441365E12+1.762256578544103E10i,61.947072416319415
0.026179938779914945,2.254045084686562+1.6494691860003754E-5i,2.254045084686562E12+1.6494691860003754E7i,68326.37747396056
0.026179938779914945,2.283045177237814+1.2927204642338272E-5i,2.2830451772378145E12+1.2927204642338272E7i,88303.90020130668
0.026179938779914945,2.3118457986284975+1.0284708785454506E-5i,2.3118457986284976E12+1.0284708785454506E7i,112392.380127384
0.026179938779914945,2.43505258203343+0.08410706083238438i,2.43505258203343E12+8.410706083238438E10i,14.475910571207615
0.026179938779914945,2.5431522918971483+2.843052974061752E-4i,2.5431522918971484E12+2.843052974061752E8i,4472.572820660201
0.026179938779914945,2.5968611058739697+0.004930888472444335i,2.5968611058739697E12+4.930888472444335E9i,263.325881368663
0.026179938779914945,2.6575307913077935+2.6619320576594976E-4i,2.6575307913077935E12+2.6619320576594976E8i,4991.732947617803
0.026179938779914945,2.7071315892079033+0.034289473618780125i,2.7071315892079033E12+3.4289473618780125E10i,39.47467405456502
0.030543261909900768,0.5881833648983008+0.06081520874820871i,5.881833648983008E11+6.081520874820872E10i,4.835824598856001
0.030543261909900768,0.9833962504121107+0.0902614108260381i,9.833962504121107E11+9.02614108260381E10i,5.4474899151943355
0.030543261909900768,1.2141598708939922+0.002792025311123782i,1.2141598708939922E12+2.792025311123782E9i,217.43353580224104
0.030543261909900768,1.2490923544811119+0.3997172596356988i,1.2490923544811118E12+3.9971725963569885E11i,1.5624698763565164
0.030543261909900768,1.2494025702736353+0.001769435654445439i,1.2494025702736353E12+1.769435654445439E9i,353.0511457522348
0.030543261909900768,1.2588058074944501+0.48572904501575703i,1.2588058074944502E12+4.85729045015757E11i,1.2957901328029648
0.030543261909900768,1.4868470936473848+0.07982209348328968i,1.4868470936473848E12+7.982209348328969E10i,9.313506002937945
0.030543261909900768,1.6244086736935541+0.0022528322943818264i,1.6244086736935542E12+2.2528322943818264E9i,360.52587619250403
0.030543261909900768,1.6769067058943634+0.023155295457543343i,1.6769067058943635E12+2.3155295457543343E10i,36.2100045099635
0.030543261909900768,1.89859377896618+0.08574333180190741i,1.89859377896618E12+8.574333180190741E10i,11.0713786079161
0.030543261909900768,2.0318270743510825+7.050990871366516E-5i,2.0318270743510823E12+7.050990871366516E7i,14408.096049323805
0.030543261909900768,2.183238840767893+0.017669588241895885i,2.183238840767893E12+1.7669588241895885E10i,61.779561891297334
0.030543261909900768,2.2540675607017473+2.2323079261695585E-5i,2.2540675607017476E12+2.2323079261695586E7i,50487.37977133662
0.030543261909900768,2.2807220481147876+1.4022838877751845E-5i,2.2807220481147876E12+1.4022838877751846E7i,81321.694843592
0.030543261909900768,2.314278374956711+1.0329022915294839E-5i,2.314278374956711E12+1.032902291529484E7i,112027.9427171089
0.030543261909900768,2.4350393127250753+0.0840394383259904i,2.435039312725075E12+8.40394383259904E10i,14.487479695422978
0.030543261909900768,2.5424110639020023+3.764122243540678E-4i,2.5424110639020024E12+3.764122243540678E8i,3377.1632526877142
0.030543261909900768,2.5972444007285076+0.004830560978870962i,2.597244400728508E12+4.830560978870962E9i,268.83465627376853
0.030543261909900768,2.657851793552837+3.6153240916342023E-4i,2.6578517935528374E12+3.6153240916342026E8i,3675.8140158209612
0.030543261909900768,2.707195922559151+0.03425477546456166i,2.707195922559151E12+3.425477546456166E10i,39.51559871352661
0.03490658503988659,0.5884357242041968+0.06068007599183339i,5.884357242041968E11+6.06800759918334E10i,4.848673263719966
0.03490658503988659,0.9835015107543176+0.09012235865604368i,9.835015107543176E11+9.012235865604369E10i,5.456478977142057
0.03490658503988659,1.211801945564374+0.0026962379828887203i,1.211801945564374E12+2.6962379828887205E9i,224.72088021437602
0.03490658503988659,1.2494651343906609+0.39962382316648826i,1.249465134390661E12+3.996238231664883E11i,1.5633016126144688
0.03490658503988659,1.2517585511134568+0.0018704272801449413i,1.2517585511134568E12+1.8704272801449413E9i,334.6183421299482
0.03490658503988659,1.2592087754370138+0.4856197933215381i,1.259208775437014E12+4.856197933215381E11i,1.2964965521939382
0.03490658503988659,1.486749682291454+0.07967475025742028i,1.486749682291454E12+7.967475025742029E10i,9.330118246294658
0.03490658503988659,1.6237908553416276+0.0028859209402344456i,1.6237908553416277E12+2.8859209402344456E9i,281.32975382369875
0.03490658503988659,1.6776258262781165+0.022652404416616385i,1.6776258262781165E12+2.2652404416616386E10i,37.02975179640346
0.03490658503988659,1.8985413700894977+0.08572061674854588i,1.8985413700894978E12+8.572061674854588E10i,11.074006709836835
0.03490658503988659,2.031642774039293+9.21527277329545E-5i,2.031642774039293E12+9.21527277329545E7i,11023.237314942564
0.03490658503988659,2.183130089952207+0.017723658272528624i,2.183130089952207E12+1.7723658272528625E10i,61.58802140007467
0.03490658503988659,2.2540799623438765+2.891319177310365E-5i,2.2540799623438765E12+2.891319177310365E7i,38980.13024699547
0.03490658503988659,2.2784273178331476+1.5493530930904295E-5i,2.2784273178331475E12+1.5493530930904295E7i,73528.34315154282
0.03490658503988659,2.316712991222789+1.0385694113188113E-5i,2.316712991222789E12+1.0385694113188114E7i,111533.85445277781
0.03490658503988659,2.4350240612820384+0.08396137589865689i,2.4350240612820386E12+8.396137589865689E10i,14.500858491297015
0.03490658503988659,2.541573918150337+4.768810017309294E-4i,2.5415739181503374E12+4.768810017309294E8i,2664.788394720293
0.03490658503988659,2.5976674879618784+0.004721630146325565i,2.5976674879618784E12+4.721630146325564E9i,275.0816357337325
0.03490658503988659,2.6582234314937825+4.708344989226668E-4i,2.6582234314937827E12+4.708344989226668E8i,2822.8851513389086
0.03490658503988659,2.7072698577556427+0.03421449058640455i,2.7072698577556426E12+3.421449058640455E10i,39.563205696702695
0.039269908169872414,0.5887215344001934+0.06052730915801176i,5.887215344001934E11+6.052730915801176E10i,4.863271989039568
0.039269908169872414,0.9836208821731989+0.08996500775699938i,9.836208821731989E11+8.996500775699937E10i,5.466685918763076
0.039269908169872414,1.209427728769055+0.00261661168653788i,1.209427728769055E12+2.61661168653788E9i,231.1056957727813
0.039269908169872414,1.2498875040268882+0.3995178191873552i,1.2498875040268882E12+3.9951781918735516E11i,1.5642450023496317
0.039269908169872414,1.254130573267053+0.001955987114286381i,1.254130573267053E12+1.955987114286381E9i,320.58763682720064
0.039269908169872414,1.259665214038143+0.48549610587892394i,1.259665214038143E12+4.8549610587892395E11i,1.2972969286310674
0.039269908169872414,1.486638792811524+0.07950738420328264i,1.486638792811524E12+7.950738420328264E10i,9.349061145129113
0.039269908169872414,1.6230876214307222+0.003572829542289175i,1.6230876214307222E12+3.572829542289175E9i,227.14316513275097
0.039269908169872414,1.678444272956146+0.022113375718862748i,1.678444272956146E12+2.2113375718862747E10i,37.95088308304802
0.039269908169872414,1.8984819073037282+0.0856948358901172i,1.8984819073037283E12+8.56948358901172E10i,11.076991323830002
0.039269908169872414,2.03143456666189+1.1672535590082391E-4i,2.0314345666618896E12+1.1672535590082392E8i,8701.770712046082
0.039269908169872414,2.1830062887655677+0.01778469613584417i,2.1830062887655676E12+1.778469613584417E10i,61.3731680342243
0.039269908169872414,2.2540735722950513+3.61465405442547E-5i,2.2540735722950513E12+3.61465405442547E7i,31179.658389927503
0.039269908169872414,2.276170039644577+1.7494308517250205E-5i,2.276170039644577E12+1.7494308517250206E7i,65054.58725048112
0.039269908169872414,2.3191493359920097+1.0451259256937393E-5i,2.31914933599201E12+1.0451259256937392E7i,110950.713161794
0.039269908169872414,2.435006853303778+0.08387285692234546i,2.435006853303778E12+8.387285692234546E10i,14.5160600381018
0.039269908169872414,2.5406471207492785+5.840953554874112E-4i,2.5406471207492783E12+5.840953554874111E8i,2174.856465541641
0.039269908169872414,2.598123751777443+0.004606164279960757i,2.5981237517774434E12+4.606164279960757E9i,282.02682252136026
0.039269908169872414,2.6586461408022752+5.937887575816394E-4i,2.6586461408022754E12+5.937887575816394E8i,2238.7137739272043
0.039269908169872414,2.7073532643623737+0.034168508402015484i,2.7073532643623735E12+3.4168508402015484E10i,39.617668300128024
0.04363323129985824,0.5890407213572099+0.06035705074971298i,5.890407213572098E11+6.035705074971298E10i,4.879634724034382
0.04363323129985824,0.9837543925088751+0.08978944824196441i,9.837543925088751E11+8.978944824196442E10i,5.478118040428625
0.04363323129985824,1.207042268097684+0.0025487571726101i,1.207042268097684E12+2.5487571726101E9i,236.7903621947616
0.04363323129985824,1.2503594215780949+0.3993992078193818i,1.250359421578095E12+3.9939920781938184E11i,1.5653003274652693
0.04363323129985824,1.256513592616793+0.002030518045120201i,1.256513592616793E12+2.0305180451202009E9i,309.4071475100855
0.04363323129985824,1.2601750265876264+0.48535803123115734i,1.2601750265876265E12+4.8535803123115735E11i,1.298191175894495
0.04363323129985824,1.4865142354124687+0.0793198556681667i,1.4865142354124688E12+7.93198556681667E10i,9.370379099221235
0.04363323129985824,1.6223012066105893+0.0043038950050452805i,1.6223012066105894E12+4.30389500504528E9i,188.46895715495288
0.04363323129985824,1.679359968607198+0.021547991056744917i,1.679359968607198E12+2.154799105674492E10i,38.96790109539069
0.04363323129985824,1.8984153658950829+0.08566597538496452i,1.898415365895083E12+8.566597538496452E10i,11.080334738290269
0.04363323129985824,2.0312026972165675+1.442443568130284E-4i,2.0312026972165674E12+1.442443568130284E8i,7040.839385659438
0.04363323129985824,2.182867242456237+0.017852611574696524i,2.182867242456237E12+1.7852611574696526E10i,61.13579610812048
0.04363323129985824,2.254035754692574+4.382584030793335E-5i,2.2540357546925737E12+4.382584030793335E7i,25715.8304193947
0.04363323129985824,2.2739631474188644+2.0262713334443763E-5i,2.2739631474188643E12+2.0262713334443763E7i,56112.010022701324
0.04363323129985824,2.321587135924375+1.0523025449984567E-5i,2.321587135924375E12+1.0523025449984567E7i,110309.8698638888
0.04363323129985824,2.4349877179410786+0.08377386187933712i,2.4349877179410786E12+8.377386187933713E10i,14.533099366054591
0.04363323129985824,2.539636997028994+6.966084561617586E-4i,2.5396369970289937E12+6.966084561617585E8i,1822.8582890180046
0.04363323129985824,2.5986065364108692+0.00448612752661192i,2.598606536410869E12+4.48612752661192E9i,289.62691330059306
0.04363323129985824,2.6591203519439124+7.300413003007174E-4i,2.6591203519439126E12+7.300413003007175E8i,1821.2122730923386
0.04363323129985824,2.7074459918845997+0.0341167007884879i,2.7074459918845996E12+3.41167007884879E10i,39.679188334620285
0.04799655442984406,0.5893932020847021+0.060169459242811585i,5.893932020847021E11+6.0169459242811584E10i,4.897777123990994
0.04799655442984406,0.9839020724132879+0.08959578054842106i,9.839020724132878E11+8.959578054842107E10i,5.490783530154909
0.04799655442984406,1.2046488012016638+0.00248972048145368i,1.2046488012016638E12+2.48972048145368E9i,241.92450722385956
0.04799655442984406,1.250880840911654+0.3992679451478662i,1.250880840911654E12+3.992679451478662E11i,1.566467902210881
0.04799655442984406,1.2589043754251863+0.002096989509212214i,1.2589043754251863E12+2.096989509212214E9i,300.1694500365252
0.04799655442984406,1.2607381051134765+0.48520562325943467i,1.2607381051134766E12+4.852056232594347E11i,1.2991791981349032
0.04799655442984406,1.4863757943528793+0.07911200972380343i,1.4863757943528794E12+7.911200972380344E10i,9.39412233074427
0.04799655442984406,1.6214352993399024+0.005069723018493296i,1.6214352993399023E12+5.069723018493297E9i,159.913598181325
0.04799655442984406,1.6803694041320645+0.020965775753387896i,1.6803694041320645E12+2.0965775753387897E10i,40.074105148733416
0.04799655442984406,1.898341718276612+0.0856340198127613i,1.898341718276612E12+8.563401981276129E10i,11.084039511559393
0.04799655442984406,2.0309474367395963+1.7472825324832178E-4i,2.0309474367395962E12+1.7472825324832177E8i,5811.731643231267
0.04799655442984406,2.1827127398762056+0.017927303814716602i,2.1827127398762058E12+1.7927303814716602E10i,60.876771053670865
0.04799655442984406,2.2539480408048163+5.1625805321791743E-5i,2.2539480408048164E12+5.1625805321791746E7i,21829.664706977495
0.04799655442984406,2.2718253760064666+2.4168299086056068E-5i,2.271825376006467E12+2.416829908605607E7i,47000.108859899025
0.04799655442984406,2.324026148697062+1.059885163989732E-5i,2.324026148697062E12+1.059885163989732E7i,109635.75242192826
0.04799655442984406,2.4349666879601233+0.08366436810651257i,2.4349666879601235E12+8.366436810651257E10i,14.55199353720202
0.04799655442984406,2.538549787310958+8.131764442031924E-4i,2.538549787310958E12+8.131764442031925E8i,1560.8849748460236
0.04799655442984406,2.5991093117305746+0.0043633450652913585i,2.5991093117305747E12+4.363345065291359E9i,297.8344908365643
0.04799655442984406,2.659646469904949+8.791976642540141E-4i,2.659646469904949E12+8.791976642540141E8i,1512.541819683756
0.04799655442984406,2.7075478686338954+0.03405892095765289i,2.7075478686338955E12+3.4058920957652885E10i,39.74799835849647
0.05235987755982989,0.5897788846871937+0.059964708826246584i,5.897788846871937E11+5.996470882624658E10i,4.917716572226956
0.05235987755982989,0.9840639551998871+0.08938411534631055i,9.840639551998871E11+8.938411534631055E10i,5.504691473351958
0.05235987755982989,1.2022495057611273+0.002437451139532261i,1.2022495057611274E12+2.437451139532261E9i,246.62022681444094
0.05235987755982989,1.2514517117643604+0.39912398344129485i,1.2514517117643604E12+3.9912398344129486E11i,1.5677480728847633
0.05235987755982989,1.2613007483801424+0.0021574693769749304i,1.2613007483801423E12+2.1574693769749303E9i,292.31023203412974
0.05235987755982989,1.2613543304235002+0.48503894105948897i,1.2613543304235002E12+4.8503894105948895E11i,1.3002608900517103
0.05235987755982989,1.486223226703858+0.07888367665404297i,1.486223226703858E12+7.888367665404297E10i,9.420347084111764
0.05235987755982989,1.6204949156722026+0.005861642053762036i,1.6204949156722026E12+5.861642053762036E9i,138.22875064779498
0.05235987755982989,1.6814677660765736+0.020375544146720038i,1.6814677660765735E12+2.037554414672004E10i,41.261910699627826
0.05235987755982989,1.8982609339997485+0.08559895219209072i,1.8982609339997485E12+8.559895219209073E10i,11.088108472051754
0.05235987755982989,2.030669081436991+2.081975270401136E-4i,2.030669081436991E12+2.081975270401136E8i,4876.784826185136
0.05235987755982989,2.182542555427549+0.018008661535285915i,2.182542555427549E12+1.8008661535285915E10i,60.597023025589834
0.05235987755982989,2.253783438676321+5.902385640717409E-5i,2.253783438676321E12+5.9023856407174096E7i,19092.13982163984
0.05235987755982989,2.269783955982859+2.9782172661190694E-5i,2.269783955982859E12+2.9782172661190696E7i,38106.41993457761
0.05235987755982989,2.326466157519393+1.0677012766036871E-5i,2.326466157519393E12+1.0677012766036872E7i,108947.42792290106
0.05235987755982989,2.434943799821523+0.08354434950751921i,2.434943799821523E12+8.354434950751921E10i,14.572761737778398
0.05235987755982989,2.5373915345297915+9.327710179246881E-4i,2.5373915345297915E12+9.327710179246881E8i,1360.1363495272428
0.05235987755982989,2.5996258073187444+0.004239487587670386i,2.5996258073187446E12+4.239487587670387E9i,306.59669990297675
0.05235987755982989,2.6602248537943223+0.00104082725048702i,2.6602248537943223E12+1.04082725048702E9i,1277.9377425742648
0.05235987755982989,2.7076587003747044+0.033995002152690794i,2.7076587003747046E12+3.3995002152690792E10i,39.82436430233299
0.05672320068981571,0.590197668318734+0.059742989117384786i,5.90197668318734E11+5.974298911738479E10i,4.939472204505003
0.05672320068981571,0.9842400766794346+0.08915457343664347i,9.842400766794346E11+8.915457343664348E10i,5.51985186367849
0.05672320068981571,1.1998459065034504+0.002390485531490463i,1.1998459065034504E12+2.3904855314904633E9i,250.96280456367137
0.05672320068981571,1.252071979948379+0.3989672713936943i,1.2520719799483792E12+3.9896727139369434E11i,1.5691412174920674
0.05672320068981571,1.262023572153193+0.4848580488055556i,1.2620235721531929E12+4.848580488055556E11i,1.3014361370943301
0.05672320068981571,1.2637011915907017+0.002213440673205284i,1.2637011915907017E12+2.213440673205284E9i,285.4608228014387
0.05672320068981571,1.486056260961359+0.07863467255182498i,1.4860562609613591E12+7.863467255182498E10i,9.4491158463333
0.05672320068981571,1.6194861346833411+0.006672056021198877i,1.619486134683341E12+6.672056021198877E9i,121.36334958353224
0.05672320068981571,1.682649202556018+0.019785046184929544i,1.682649202556018E12+1.9785046184929546E10i,42.523256878664945
0.05672320068981571,1.898172979767061+0.08556075400026383i,1.898172979767061E12+8.556075400026384E10i,11.092544718348366
0.05672320068981571,2.03036795175361+2.44674617132087E-4i,2.0303679517536104E12+2.44674617132087E8i,4149.118481418775
0.05672320068981571,2.182356451106411+0.01809656280354819i,2.182356451106411E12+1.809656280354819E10i,60.29754033397205
0.05672320068981571,2.2535032976024274+6.523322019454676E-5i,2.2535032976024272E12+6.523322019454677E7i,17272.66637214708
0.05672320068981571,2.267877752378883+3.794414631410972E-5i,2.2678777523788833E12+3.794414631410972E7i,29884.42187636676
0.05672320068981571,2.3289069667925464+1.075610710835067E-5i,2.3289069667925464E12+1.075610710835067E7i,108259.75156869084
0.05672320068981571,2.4349190937768914+0.08341377623207938i,2.4349190937768916E12+8.341377623207938E10i,14.595425382746713
0.05672320068981571,2.5361680027523357+0.001054576129267737i,2.536168002752336E12+1.054576129267737E9i,1202.4584723501032
0.05672320068981571,2.6001501151864463+0.004116069816829793i,2.6001501151864463E12+4.116069816829793E9i,315.8534999278861
0.05672320068981571,2.6608557971576765+0.0012144698442593583i,2.660855797157677E12+1.2144698442593584E9i,1095.4803899558303
0.05672320068981571,2.7077782687148035+0.033924756146275895i,2.7077782687148037E12+3.3924756146275894E10i,39.90858853987741
0.061086523819801536,0.5906494431351176+0.05950450485242137i,5.906494431351176E11+5.950450485242137E10i,4.963064936007805
0.061086523819801536,0.9844304749824908+0.08890728564065854i,9.844304749824908E11+8.890728564065854E10i,5.536275615034056
0.061086523819801536,1.197439108575065+0.0023477526897479873i,1.1974391085750652E12+2.3477526897479873E9i,255.01815284973665
0.061086523819801536,1.2527415875712573+0.3987977543899501i,1.2527415875712573E12+3.987977543899501E11i,1.5706477453560443
0.061086523819801536,1.2627456888198647+0.48466301560213104i,1.2627456888198647E12+4.8466301560213104E11i,1.3027048156862833
0.061086523819801536,1.266104605231539+0.002265995891813965i,1.266104605231539E12+2.265995891813965E9i,279.37045468736545
0.061086523819801536,1.4858745955095018+0.07836480004588509i,1.485874595509502E12+7.836480004588509E10i,9.48049758717865
0.061086523819801536,1.6184157538113964+0.007494656869764343i,1.6184157538113965E12+7.494656869764343E9i,107.97130421944753
0.061086523819801536,1.6839071694122985+0.019200753933127482i,1.6839071694122986E12+1.9200753933127483E10i,43.850027329057546
0.061086523819801536,1.8980778194462937+0.08551940519569719i,1.8980778194462937E12+8.551940519569719E10i,11.097351619219362
0.061086523819801536,2.030044391387783+2.8418391535176224E-4i,2.0300443913877827E12+2.8418391535176224E8i,3571.7088155306014
0.061086523819801536,2.1821541786202237+0.01819087496083947i,2.1821541786202239E12+1.819087496083947E10i,59.97936282113618
0.061086523819801536,2.253055596714302+6.923606960681703E-5i,2.253055596714302E12+6.923606960681702E7i,16270.822488257369
0.061086523819801536,2.2661589784219163+4.972988059858301E-5i,2.2661589784219165E12+4.972988059858301E7i,22784.681474647336
0.061086523819801536,2.3313483986244985+1.0834988850571425E-5i,2.3313483986244985E12+1.0834988850571426E7i,107584.2546206933
0.061086523819801536,2.4348926139859697+0.08327261432167132i,2.4348926139859697E12+8.327261432167133E10i,14.62000823332083
0.061086523819801536,2.5348846233594995+0.0011779739405924365i,2.5348846233594995E12+1.1779739405924366E9i,1075.9510613981129
0.061086523819801536,2.6006767635061028+0.0039944578275707045i,2.600676763506103E12+3.9944578275707045E9i,325.53563909920507
0.061086523819801536,2.661539509897153+0.0013996443212480128i,2.661539509897153E12+1.3996443212480128E9i,950.7913794570156
0.061086523819801536,2.707906329194873+0.03384797151730175i,2.707906329194873E12+3.384797151730175E10i,40.00101347004942
0.06544984694978735,0.591134090244294+0.05924947555337232i,5.91134090244294E11+5.924947555337232E10i,4.988517490857758
0.06544984694978735,0.984635190369528+0.08864239267985029i,9.84635190369528E11+8.86423926798503E10i,5.553974574703408
0.06544984694978735,1.1950299377234597+0.002308451543423129i,1.1950299377234597E12+2.308451543423129E9i,258.8379949165812
0.06544984694978735,1.253460473268293+0.3986153747946572i,1.253460473268293E12+3.986153747946572E11i,1.5722680966759006
0.06544984694978735,1.2635205278839825+0.4844539153237095i,1.2635205278839824E12+4.8445391532370953E11i,1.3040667934737453
0.06544984694978735,1.2685101693798522+0.0023159598634612684i,1.2685101693798523E12+2.3159598634612684E9i,273.8627273712826
0.06544984694978735,1.4856778969337925+0.07807384918060636i,1.4856778969337925E12+7.807384918060637E10i,9.514568018140167
0.06544984694978735,1.6172909288061632+0.008324492082653335i,1.6172909288061633E12+8.324492082653335E9i,97.14051696777341
0.06544984694978735,1.6852347919080928+0.018627793011855968i,1.6852347919080928E12+1.862779301185597E10i,45.234419097192486
0.06544984694978735,1.8979754140856826+0.08547488424288568i,1.8979754140856826E12+8.547488424288568E10i,11.102532813571237
0.06544984694978735,2.0296987662592256+3.2675175941779245E-4i,2.0296987662592256E12+3.2675175941779244E8i,3105.8727424693147
0.06544984694978735,2.18193548155499+0.018291454449712176i,2.18193548155499E12+1.8291454449712177E10i,59.643575297789496
0.06544984694978735,2.252379520141857+7.012439872640044E-5i,2.252379520141857E12+7.012439872640045E7i,16059.884726639948
0.06544984694978735,2.2646886220360445+6.611034599345112E-5i,2.2646886220360444E12+6.611034599345112E7i,17128.095368464597
0.06544984694978735,2.3337902899990683+1.0912716674098422E-5i,2.3337902899990684E12+1.0912716674098423E7i,106929.8488953888
0.06544984694978735,2.4348644086576328+0.08312082532072486i,2.434864408657633E12+8.312082532072485E10i,14.64653652837671
0.06544984694978735,2.533546464436384+0.0013025245520962587i,2.533546464436384E12+1.3025245520962586E9i,972.5522871561006
0.06544984694978735,2.6012007649647537+0.0038758807216540915i,2.601200764964754E12+3.8758807216540914E9i,335.5625407190874
0.06544984694978735,2.6622761027004334+0.0015958595056962592i,2.6622761027004336E12+1.5958595056962593E9i,834.1198248334857
0.06544984694978735,2.708042609021871+0.0337644116777121i,2.708042609021871E12+3.3764411677712105E10i,40.10202569010629
0.06981317007977318,0.5916514816566306+0.058978135172094784i,5.916514816566306E11+5.897813517209479E10i,5.015854434276583
0.06981317007977318,0.9848542650290291+0.08836004504652155i,9.84854265029029E11+8.836004504652155E10i,5.5729615377091735
0.06981317007977318,1.192619027910281+0.0022719711094246644i,1.192619027910281E12+2.2719711094246645E9i,262.4635108613441
0.06981317007977318,1.2542285724461102+0.39842007226363824i,1.25422857244611E12+3.9842007226363824E11i,1.5740027420307472
0.06981317007977318,1.2643479258178572+0.48423082644267895i,1.2643479258178572E12+4.8423082644267896E11i,1.3055219295993385
0.06981317007977318,1.2709172564237583+0.002363969694493696i,1.2709172564237583E12+2.363969694493696E9i,268.8099723494885
0.06981317007977318,1.4854657981840482+0.0777615984761855i,1.4854657981840483E12+7.77615984761855E10i,9.55140986870899
0.06981317007977318,1.616118851262469+0.009157910135347336i,1.616118851262469E12+9.157910135347336E9i,88.23622569873436
0.06981317007977318,1.6866251889832524+0.018069995872854384i,1.6866251889832524E12+1.8069995872854385E10i,46.66921898739838
0.06981317007977318,1.8978657219305874+0.08542716814018146i,1.8978657219305874E12+8.542716814018146E10i,11.108092210292458
0.06981317007977318,2.0293314634381803+3.724064226886413E-4i,2.0293314634381804E12+3.724064226886413E8i,2724.6193134736136
0.06981317007977318,2.181700097571482+0.018398146568699977i,2.1817000975714824E12+1.8398146568699978E10i,59.29130114886465
0.06981317007977318,2.251422209769287+6.782354087965045E-5i,2.251422209769287E12+6.782354087965046E7i,16597.645747840896
0.06981317007977318,2.2635196942447005+8.722871245388137E-5i,2.2635196942447007E12+8.722871245388137E7i,12974.625158209486
0.06981317007977318,2.3362324904531717+1.0988513301828456E-5i,2.336232490453172E12+1.0988513301828457E7i,106303.39274669802
0.06981317007977318,2.4348345302185934+0.08295836585233612i,2.4348345302185933E12+8.295836585233612E10i,14.675039130788447
0.06981317007977318,2.5321582185510025+0.0014279430269054458i,2.5321582185510024E12+1.4279430269054458E9i,886.645395103244
0.06981317007977318,2.601717643764829+0.0037614433505346483i,2.601717643764829E12+3.7614433505346484E9i,345.8403332586443
0.06981317007977318,2.6630655748375966+0.0018026269960396077i,2.6630655748375967E12+1.8026269960396078E9i,738.66240234069
0.06981317007977318,2.708186804377789+0.033673812615723615i,2.708186804377789E12+3.3673812615723614E10i,40.212060856946614
0.07417649320975901,0.592201480233908+0.05869073171195335i,5.92201480233908E11+5.8690731711953354E10i,5.045102207452086
0.07417649320975901,0.9850877428643615+0.08806040286539868i,9.850877428643616E11+8.806040286539868E10i,5.593250262380012
0.07417649320975901,1.1902068779700647+0.0022378372407485733i,1.1902068779700647E12+2.2378372407485733E9i,265.9279362005638
0.07417649320975901,1.2550458175355488+0.39821178407909696i,1.2550458175355488E12+3.98211784079097E11i,1.57585218182074
0.07417649320975901,1.2652277081825678+0.4839938318457902i,1.2652277081825679E12+4.839938318457902E11i,1.3070700750022097
0.07417649320975901,1.2733253744284316+0.0024105281632400446i,1.2733253744284316E12+2.4105281632400446E9i,264.1175062474538
0.07417649320975901,1.4852378965902362+0.07742781619994078i,1.4852378965902363E12+7.742781619994078E10i,9.591113177949685
0.07417649320975901,1.6149064953887593+0.009992422013112557i,1.6149064953887593E12+9.992422013112556E9i,80.80655987455285
0.07417649320975901,1.6880717284192106+0.017530038782842088i,1.6880717284192107E12+1.7530038782842087E10i,48.147974723006556
0.07417649320975901,1.89774869844144+0.08537623245055372i,1.89774869844144E12+8.537623245055371E10i,11.114033987975139
0.07417649320975901,2.028942890043589+4.211781001552247E-4i,2.028942890043589E12+4.211781001552247E8i,2408.6519328709455
0.07417649320975901,2.1814477606122007+0.018510785140859572i,2.181447760612201E12+1.8510785140859573E10i,58.92369621310678
0.07417649320975901,2.2501633459482577+6.355395692631371E-5i,2.250163345948258E12+6.355395692631371E7i,17702.77929788984
0.07417649320975901,2.2626726492289877+1.1193905697417757E-4i,2.262672649228988E12+1.1193905697417757E8i,10106.716593793299
0.07417649320975901,2.3386748601533336+1.106173296332186E-5i,2.3386748601533335E12+1.106173296332186E7i,105710.14812542648
0.07417649320975901,2.4348030355140087+0.08278518715748392i,2.434803035514009E12+8.278518715748393E10i,14.705547689843558
0.07417649320975901,2.5307242043264484+0.0015540762142390286i,2.530724204326448E12+1.5540762142390287E9i,814.2213944010612
0.07417649320975901,2.6022234451933675+0.0036521379545773652i,2.6022234451933677E12+3.6521379545773654E9i,356.2602888442235
0.07417649320975901,2.6639078060817716+0.002019475631136997i,2.6639078060817715E12+2.019475631136997E9i,659.5543330676263
0.07417649320975901,2.7083385772186137+0.033575880314189115i,2.708338577218614E12+3.3575880314189114E10i,40.33160935581001
0.07853981633974483,0.5927839396398873+0.05838752682818344i,5.927839396398873E11+5.838752682818344E10i,5.076289165186499
0.07853981633974483,0.9853356692702596+0.0877436357460484i,9.853356692702596E11+8.77436357460484E10i,5.614855487194893
0.07853981633974483,1.1877938893520088+0.0022056762490418524i,1.1877938893520088E12+2.2056762490418525E9i,269.25843941693336
0.07853981633974483,1.2559121382519811+0.3979904455072616i,1.2559121382519812E12+3.979904455072616E11i,1.5778169456445736
0.07853981633974483,1.2661596897134948+0.483743018639552i,1.2661596897134949E12+4.83743018639552E11i,1.3087110727451547
0.07853981633974483,1.275734129422624+0.002456040257767798i,1.275734129422624E12+2.456040257767798E9i,259.71360310316953
0.07853981633974483,1.484993751736719+0.07707226188416359i,1.4849937517367192E12+7.707226188416359E10i,9.633775598597348
0.07853981633974483,1.6136604441419145+0.010826518602458894i,1.6136604441419146E12+1.0826518602458895E10i,74.52351505568113
0.07853981633974483,1.6895682027744392+0.017009622663946726i,1.6895682027744392E12+1.7009622663946728E10i,49.665070065181865
0.07853981633974483,1.8976242963130663+0.08532205133552287i,1.8976242963130664E12+8.532205133552287E10i,11.120362594487997
0.07853981633974483,2.0285334721181254+4.730988901809312E-4i,2.0285334721181252E12+4.730988901809312E8i,2143.878916459026
0.07853981633974483,2.1811782031049027+0.01862919208122851i,2.1811782031049026E12+1.8629192081228508E10i,58.541943032052956
0.07853981633974483,2.2486263315495396+5.917155129454864E-5i,2.2486263315495396E12+5.917155129454864E7i,19000.90738162463
0.07853981633974483,2.2621242007490405+1.3846664843501186E-4i,2.2621242007490405E12+1.3846664843501186E8i,8168.480375296833
0.07853981633974483,2.3411172682884667+1.113183489430355E-5i,2.341117268288467E12+1.1131834894303551E7i,105154.14981075929
0.07853981633974483,2.434769986044818+0.0826012345965713i,2.434769986044818E12+8.26012345965713E10i,14.7380968210485
0.07853981633974483,2.529248377775086+0.0016808809691106815i,2.529248377775086E12+1.6808809691106815E9i,752.3579671180577
0.07853981633974483,2.6027147312913224+0.0035488536150587585i,2.6027147312913223E12+3.5488536150587587E9i,366.6979556788832
0.07853981633974483,2.664802553356384+0.002245967153898805i,2.6648025533563843E12+2.245967153898805E9i,593.2416573257799
0.07853981633974483,2.708497551456924+0.03347028779403349i,2.7084975514569243E12+3.3470287794033497E10i,40.461222922913564
0.08290313946973066,0.5933987042906942+0.05806879540829361i,5.933987042906942E11+5.806879540829361E10i,5.1094456163451145
0.08290313946973066,0.9855980908994186+0.08740992262645815i,9.855980908994187E11+8.740992262645815E10i,5.637792948927102
0.08290313946973066,1.1853803919203405+0.002175189520155831i,1.1853803919203406E12+2.175189520155831E9i,272.4774970034381
0.08290313946973066,1.2568274618613946+0.39775599017903485i,1.2568274618613945E12+3.9775599017903485E11i,1.5798975916059506
0.08290313946973066,1.2671436744152393+0.48347847794503573i,1.2671436744152393E12+4.8347847794503577E11i,1.310444758369673
0.08290313946973066,1.2781431996308705+0.0025008387378248993i,1.2781431996308706E12+2.500838737824899E9i,255.54290652553905
0.08290313946973066,1.4847328832052822+0.07669468812993106i,1.4847328832052822E12+7.669468812993106E10i,9.679502710083039
0.08290313946973066,1.6123867890757035+0.011659476640894886i,1.6123867890757036E12+1.1659476640894886E10i,69.1449041297599
0.08290313946973066,1.6911089317330115+0.016509665065211062i,1.6911089317330115E12+1.6509665065211063E10i,51.21572500269835
0.08290313946973066,1.8974924654954062+0.08526459759244498i,1.8974924654954062E12+8.526459759244498E10i,11.12708274637736
0.08290313946973066,2.0281036534876766+5.282027714922619E-4i,2.0281036534876765E12+5.282027714922618E8i,1919.815422170109
0.08290313946973066,2.1808911581533668+0.018753176847567183i,2.1808911581533667E12+1.8753176847567184E10i,58.147245554192324
0.08290313946973066,2.2468635883830768+5.604284514967008E-5i,2.2468635883830767E12+5.604284514967008E7i,20045.945047780144
0.08290313946973066,2.2618220259631125+1.655334972621903E-4i,2.261822025963113E12+1.6553349726219028E8i,6831.916389649487
0.08290313946973066,2.343559591714688+1.1198361635165571E-5i,2.343559591714688E12+1.1198361635165572E7i,104638.50284828016
0.08290313946973066,2.4347354482471215+0.08240644711202338i,2.4347354482471216E12+8.240644711202339E10i,14.772724304794625
0.08290313946973066,2.52773435006983+0.001808404659047468i,2.52773435006983E12+1.8084046590474682E9i,698.8851575402517
0.08290313946973066,2.6031885656653158+0.003452383207847195i,2.603188565665316E12+3.452383207847195E9i,377.01327010111777
0.08290313946973066,2.6657494525217666+0.002481712555546159i,2.6657494525217666E12+2.4817125555461593E9i,537.0786085931506
0.08290313946973066,2.708663308393624+0.03335667172171003i,2.708663308393624E12+3.335667172171003E10i,40.6015224029486
0.08726646259971647,0.5940456093079766+0.057734825132433595i,5.940456093079766E11+5.773482513243359E10i,5.14460386729621
0.08726646259971647,0.985875055420229+0.08705945160765306i,9.85875055420229E11+8.705945160765306E10i,5.662079402149396
0.08726646259971647,1.1829666619988761+0.0021461354573196643i,1.1829666619988762E12+2.1461354573196642E9i,275.6039135284355
0.08726646259971647,1.2577917134502288+0.39750835049330485i,1.2577917134502288E12+3.975083504933049E11i,1.5820947055443222
0.08726646259971647,1.2681794556663337+0.48320030468245545i,1.2681794556663337E12+4.8320030468245544E11i,1.3122709602798603
0.08726646259971647,1.2805523174662976+0.0025452023883278754i,1.2805523174662976E12+2.5452023883278756E9i,251.56198252422345
0.08726646259971647,1.4844547682025095+0.0762948427415786i,1.4844547682025095E12+7.629484274157861E10i,9.728408335741427
0.08726646259971647,1.611091089807923+0.01249117534351404i,1.6110910898079229E12+1.249117534351404E10i,64.48917117493156
0.08726646259971647,1.6926888049453472+0.016030481100246803i,1.6926888049453472E12+1.6030481100246803E10i,52.79594524830845
0.08726646259971647,1.8973531532156702+0.08520384269538353i,1.8973531532156702E12+8.520384269538353E10i,11.134199428064479
0.08726646259971647,2.027653894612545+5.86525574933478E-4i,2.027653894612545E12+5.86525574933478E8i,1728.529821434057
0.08726646259971647,2.1805863617120806+0.018882535758247766i,2.1805863617120806E12+1.8882535758247765E10i,57.74082436887787
0.08726646259971647,2.2449325102881694+5.469939200566152E-5i,2.2449325102881694E12+5.469939200566152E7i,20520.63494650739
0.08726646259971647,2.2617088123875475+1.9270480153617367E-4i,2.2617088123875474E12+1.9270480153617367E8i,5868.3250089204175
0.08726646259971647,2.3460017138016847+1.1260921393970548E-5i,2.3460017138016846E12+1.126092139397055E7i,104165.61983364023
0.08726646259971647,2.4346994938195903+0.08220075665056918i,2.4346994938195903E12+8.220075665056918E10i,14.809471305534094
0.08726646259971647,2.526185409144778+0.0019367683401862704i,2.526185409144778E12+1.9367683401862705E9i,652.1650929356424
0.08726646259971647,2.6036424900073776+0.0033634280890173333i,2.6036424900073774E12+3.3634280890173335E9i,387.05190375692905
0.08726646259971647,2.666748025509349+0.002726388564481676i,2.666748025509349E12+2.726388564481676E9i,489.06235528029634
0.08726646259971647,2.708835381228137+0.033234628505923194i,2.708835381228137E12+3.3234628505923195E10i,40.753206865925385
