% Model,"2D photonic crystal band structure(sweep, simple).mph"
% Version,COMSOL 5.4.0.388
% Date,"Aug 10 2026, 18:08"
% Table,Table 6 - Global Evaluation 3 (freq*a/(c_const))
% U,lambda (THz),freq*a/(c_const) (1)
0,1.6031630159253168E-7i,8.021364312934032E-8i
0,1.547045607983153E-7,7.740583026857631E-8
0,0.8781388045440988,0.43937336369420876
0,0.9750186793027504,0.48784683534437867
0,1.0263889617869002,0.513549758039727
0,1.0263931923422236,0.513551874781765
0,1.2354572830579613,0.6181562861687941
0,1.2354658884470562,0.618160591842035
0,1.3827117856698048,0.6918345085601544
0,1.5561039104135757,0.7785905893671159
1,1.767426388979186E-6-6.915837287236133E-7i,8.84324976403769E-7-3.4603125108818446E-7i
1,0.015501878869978152+6.325544088172169E-8i,0.007756305298703421+3.164961585610754E-8i
1,0.018009073367994417+2.057370037110243E-8i,0.00901077039502829+1.0293971623747E-8i
1,0.8777841120660546+1.1381136490937442E-16i,0.4391958946809401+5.694507743889327E-17i
1,0.9738106104370462,0.4872423827471901
1,1.0264153029433647,0.5135629377357608
1,1.0279460058327334,0.5143288190222252
1,1.2342658336473478,0.6175601490518556
1,1.2356287255029943,0.6182420667348781
1,1.3834846834075016+5.249488496334782E-14i,0.6922212249619877+2.6265613207995287E-14i
2,4.6106307159384124E-7-1.408771980101298E-7i,2.3069112945822066E-7-7.048736263244977E-8i
2,0.030999304714236786+2.5972612776384904E-9i,0.015510382543164301+1.299529662103019E-9i
2,0.03601065249129625+9.556738069283892E-10i,0.018017791073631467+4.781677030689623E-10i
2,0.8767063315045952-1.4751890322046568E-16i,0.43865663133423216-7.381051421603759E-17i
2,0.9706064689287462,0.48563920290253576
2,1.0264905945286227,0.5136006095900297
2,1.0322013757147228,0.516457976928854
2,1.2307670782465618,0.6158095602824813
2,1.2361281437064553,0.6184919487066225
2,1.3857164901552967+3.1802745489696803E-14i,0.6933379008597158+1.5912381036131734E-14i
3,2.1519220207257805E-7-7.421745423627202E-8i,1.0767058826705608E-7-3.71344169553485E-8i
3,0.04648737596921975+2.8859994236893945E-10i,0.023259779254963652+1.4439986797580116E-10i
3,0.053997471312317094+1.3276551347029683E-10i,0.027017426491921834+6.642871256135645E-11i
3,0.8748671741323094-1.2519020712019947E-16i,0.43773641603701186-6.263843724857788E-17i
3,0.9662567996659379,0.48346286266444594
3,1.0266154558766436,0.5136630834838966
3,1.0383451077492316,0.5195319695547002
3,1.2251943699167416,0.6130212771647219
3,1.236960040119399,0.6189081848680457
3,1.3891772217304457-5.6598356812146356E-14i,0.6950694645545981-2.8318769519618646E-14i
4,1.269973999438173E-7-4.889938570793851E-8i,6.354265920716588E-8-2.4466619024120935E-8i
4,0.06196148152434157+4.245513075651235E-12i,0.031002188282706015+2.1242260915972912E-12i
4,0.07196185008788952+2.83875595583838E-11i,0.03600583412002789+1.4203605928463916E-11i
4,0.8722124234458742,0.4364081217709657
4,0.9615028596093701,0.481084247094053
4,1.0267889587435977,0.5137498949741413
4,1.045688901203458,0.523206408283022
4,1.2178516938084907-2.0546330174288718E-16i,0.6093473974961492-1.0280277051343659E-16i
4,1.2381236867014433,0.6194904109469508
4,1.3935637618798167-2.1829654405169993E-13i,0.697264252998561-1.0922383380223324E-13i
5,8.210278319262838E-8-3.529859968929766E-8i,4.107981088334869E-8-1.7661518200683517E-8i
5,0.0774168745813874-2.96539575336149E-11i,0.03873523458421395-1.4837243270617015E-11i
5,0.0898959038274886+7.599478674137214E-12i,0.04497906873335449+3.8023698418743476E-12i
5,0.8686862545258028,0.4346438167529565
5,0.9568417090374405,0.47875205838439094
5,1.0270098094303073,0.5138603967633705
5,1.0537897704914694,0.5272596469845829
5,1.2090512627348513,0.6049441357535008
5,1.2396180765878422-1.7296476686241837E-16i,0.6202381231624456-8.654225393943284E-17i
5,1.398567771018284-4.837204450506996E-13i,0.6997679896695151-2.420276588732761E-13i
6,7.31912016934849E-8-2.6197471587511992E-8i,3.662093545402912E-8-1.31078038598516E-8i
6,0.09284871955257497-1.7639627411352196E-11i,0.04645649869179245-8.825919535650325E-12i
6,0.10779139150811343+2.031023233269106E-12i,0.05393300696783043+1.016214640697752E-12i
6,0.8642489109723765,0.43242360902173355
6,0.9525767746813757,0.4766181149300505
6,1.027276357110659,0.5139937628671059
6,1.062381817473943,0.5315586445509962
6,1.1990734914777956,0.59995179639132
6,1.2414419222147277,0.6211506772869154
6,1.4039179074252792-7.27659355713507E-13i,0.7024449097841944-3.640815519015693E-13i
7,4.239665326574952E-8-5.120261310059046E-8i,2.121300192902927E-8-2.5619029966019254E-8i
7,0.10825206744879103-6.5344906433687216E-12i,0.05416350439782795-3.269507188554117E-12i
7,0.12563960881051575+1.1081835845108394E-12i,0.06286329365089419+5.544753820212045E-13i
7,0.8588923713543697,0.42974348508512333
7,0.9488749565196597,0.4747659244914992
7,1.0275866034560202,0.5141489934293244
7,1.0713034762357359,0.5360225620998122
7,1.1881524644692683,0.5944875026522188
7,1.2435936592648433,0.6222272906202546
7,1.4093965090566796-8.166874312316731E-13i,0.7051861069783881-4.086264060877441E-13i
8,3.2645603571356336E-8-4.01898372643284E-8i,1.6334101826215556E-8-2.0108830054855015E-8i
8,0.12362182535120905-1.2795792553583487E-11i,0.06185370348003003-6.4023254482189905E-12i
8,0.14343127033819478+7.871035060135531E-13i,0.07176528287022224+3.9382420321605614E-13i
8,0.852647658326428,0.42661896700871704
8,0.945804178071819,0.4732294723397373
8,1.0279382143559006,0.514324920586845
8,1.0804526773808887,0.5406003296024655
8,1.1764766771346555,0.5886455674952247
8,1.2460714518713627+1.6181729971292312E-16i,0.6234670445935782+8.096466174922408E-17i
8,1.4148405385836804-2.346138335498972E-12i,0.7079100061534972-1.1738812666356195E-12i
9,6.391499595604745E-8-1.939292389494176E-8i,3.197962169350877E-8-9.703174668394306E-9i
9,0.13895272016741508-1.0146179387864516E-11i,0.06952445756694875-5.07660172084675E-12i
9,0.16115637682441353+4.4726835049508666E-13i,0.08063397153127191+2.237889939654953E-13i
9,0.8455809164147953,0.4230831499510881
9,0.943362129901551,0.47200760295721866
9,1.0283285338154748,0.5145202154229017
9,1.0897620571515265+1.9429723211074056E-16i,0.5452582418625387+9.721587064278675E-17i
9,1.1641960525654598-2.818611663995506E-16i,0.5825010043608867-1.410281474123428E-16i
9,1.248873198659011+2.2760789428351166E-16i,0.6248688877918724+1.138827319749543E-16i
9,1.4201354294779287-3.3790157964637737E-12i,0.7105592843889665-1.6906775202115528E-12i
10,6.208431923524462E-8-1.6816461599752975E-8i,3.1063649657546386E-8-8.414051696934103E-9i
10,0.1542392555353872-4.118494070361851E-12i,0.077173016575047-2.060672622238808E-12i
10,0.17880406333321341+2.0505818718781273E-13i,0.0894639234052446+1.0260007300841407E-13i
10,0.8377812001865418,0.4191805920213685
10,0.9415021806891816,0.47107698454301083
10,1.0287546000598409,0.5147333960248464
10,1.0991852966778262,0.5499731234121771
10,1.15143019317195-2.7747546812811127E-16i,0.5761136558538523-1.3883378019875566E-16i
10,1.251996539467274,0.6264316393179281
10,1.4252066799822125-3.355759705417875E-12i,0.7130966650179434-1.679041424760196E-12i
11,7.080356905061031E-8-1.432232543436616E-8i,3.542629267075006E-8-7.166120286971742E-9i
11,0.16947565966650946-6.535589662687064E-13i,0.08479649261215376-3.270057078630909E-13i
11,0.19636242382247443+1.1066925994648456E-13i,0.0982491813498896+5.5372937340447315E-14i
11,0.8293461762946838+1.1113601524481225E-16i,0.41496016035267497+5.560647655359576E-17i
11,0.940155481727003,0.4704031689117758
11,1.0292131638635238,0.5149628366552456
11,1.1086893637977868-2.2416586833237127E-16i,0.5547284467365354-1.1216052756689325E-16i
11,1.1382757805842065+1.9384078000921556E-16i,0.5695318962548116+9.698748659441702E-17i
11,1.255438862620242,0.6281539924297771
11,1.4300113198780293-7.40039449365723E-12i,0.715500648057345-3.702758840079241E-12i
12,3.0603884753929657E-8-2.2901573568982618E-8i,1.5312535691239597E-8-1.14587139992274E-8i
12,0.18465582137562825+2.5761881231473864E-13i,0.09239182797034953+1.2889857905368252E-13i
12,0.21381830653584674+2.3298115998319093E-14i,0.10698316493464624+1.1657122474201347E-14i
12,0.8203707673448358,0.4104693491045907
12,0.9392469709091403,0.46994859902836866
12,1.0297007091146486,0.515206778041085
12,1.1182499257173282,0.5595120370159519
12,1.1248125684284287,0.5627956299830074
12,1.259197312591098+1.5285762412068783E-16i,0.6300345183755913+7.648172262593469E-17i
12,1.4345300603229638-1.031990196808309E-11i,0.7177615824092698-5.163523143775897E-12i
13,5.11347035885362E-8-1.1919050738618049E-8i,2.5585051703603664E-8-5.9636510628719925E-9i
13,0.19977321069827275+2.452677843821332E-13i,0.09995575540709871+1.2271878986802255E-13i
13,0.2311570735764031+4.451961787472299E-14i,0.11565855014424835+2.2275219082424176E-14i
13,0.8109405429281324,0.405750972691981
13,0.9387048865357622,0.46967736920307823
13,1.0302134756116323,0.5154633387800064
13,1.1111080391027617+1.2793457116081186E-16i,0.5559386215960584+6.40115692107297E-17i
13,1.127848519782946,0.5643146565329602
13,1.2632687978799748,0.6320716703353365
13,1.4387604392401683+5.717560004002217E-12i,0.7198782361830638+2.8607590942142136E-12i
14,4.372724278545348E-8-1.1235528671766834E-8i,2.1878757262859568E-8-5.621653433206199E-9i
14,0.21482077929428187-3.4882447648876364E-14i,0.10748474831258856-1.7453298132441526E-14i
14,0.24836231665881195-8.322526659981978E-15i,0.12426712715642028-4.164144112649081E-15i
14,0.8011292283858148,0.400841919304962
14,0.9384651718937932,0.469557428906597
14,1.0307474840748594,0.5157305278548032
14,1.0972209850908483,0.5489902876863808
14,1.1374707346278723+1.526079117347851E-16i,0.5691290946157853+7.635677999683956E-17i
14,1.2676499988828858,0.6342637873579623
14,1.4427110956065485-2.383813007868171E-12i,0.7218549318574994-1.1927316436366975E-12i
15,1.1368171675833248E-8-4.9644310561535255E-8i,5.688020848659866E-9-2.4839339301291853E-8i
15,0.22979083410532028+3.423094630969774E-13i,0.11497495749475473+1.7127321950356273E-13i
15,0.26541551943811437-2.8192562000765817E-14i,0.13279963138938322-1.4106039652654879E-14i
15,0.7909988571881308+1.1252918290503195E-16i,0.3957732271510967+5.630354261865651E-17i
15,0.9384726596746182,0.46956117538885095
15,1.0312985633362917,0.5160062582376364
15,1.0832042895451677,0.5419770881353364
15,1.147104991672795,0.5739495579669294
15,1.272337375472368,0.6366090981543477
15,1.4463972073674336-4.7047502791068144E-11i,0.7236992636589777-2.3540036549752767E-11i
16,2.8077214179819377E-8-1.0073255313236302E-8i,1.404832581536426E-8-5.040114441389466E-9i
16,0.2446748753906555+3.308465926670666E-13i,0.12242213014110688+1.6553781649857245E-13i
16,0.2822956549704638+4.3321946352414523E-14i,0.1412455420928887+2.167596875589905E-14i
16,0.7806012555488864-2.1562770480381195E-16i,0.39057082727655856-1.0788849037880663E-16i
16,0.9386805882421883,0.46966521164561187
16,1.0318623796459716,0.5162883615534308
16,1.0691071394812983+1.3633452551203824E-16i,0.5349236334764457+6.821445397003861E-17i
16,1.1567416928070513,0.5787712442087442
16,1.2773271739284524,0.6391057245651852
16,1.4498370387029018-3.3868532655075993E-11i,0.7254203699995524-1.6945989676169232E-11i
17,2.5460207287650715E-8-2.5460207287650712E-8i,1.273891651119391E-8-1.2738916511193908E-8i
17,0.25946338688295073+5.732203789193064E-13i,0.1298215048239893+2.8680860556504045E-13i
17,0.2989787048177313+1.6510856832076794E-15i,0.14959284173406287+8.261143530206884E-16i
17,0.7699800133039877+1.2312237341876693E-16i,0.38525652968760854+6.160380463212E-17i
17,0.9390494443204316,0.46984976736160833
17,1.0324344680059068,0.5165746037576636
17,1.0549768551650134+1.2340882509730997E-16i,0.5278536002221643+6.17471296245768E-17i
17,1.166372594219857,0.5835900285823019
17,1.2826154327377222,0.6417516844625167
17,1.453049471755906-5.643370225181279E-11i,0.7270276984866173-2.823638524546177E-11i
18,1.7214530879005024E-8-4.086635584893558E-8i,8.61322412537394E-9-2.044732351919386E-8i
18,0.2741455609267718+2.2789394021882902E-14i,0.1371676739746927+1.1402585395535318E-14i
18,0.3154370842267657-1.0205682842519044E-14i,0.15782772838806655-5.106374044866254E-15i
18,0.7591725046012814-5.482806895016417E-16i,0.379849034394962-2.7433012816235107E-16i
18,0.9395456686512477,0.4700980512914943
18,1.0330102654089792,0.5168627017673235
18,1.040860476562465+1.2454033309781979E-16i,0.5207905246381139+6.231327528817608E-17i
18,1.1759903177706534-2.0674256123062123E-16i,0.588402219463433-1.0344284306376108E-16i
18,1.2881979865948852,0.6445448937519062
18,1.456052353940695+6.630462198592076E-10i,0.728530179005051+3.317526186028373E-10i
19,1.026190677783015E-9+2.0326553013323557E-8i,5.134505474032046E-10+1.0170312396579815E-8i
19,0.28870893446769536-1.3738852063055236E-15i,0.14445440175200908-6.874181636211427E-16i
19,0.33163895598034504+3.2152272049045183E-15i,0.16593427242606534+1.6087265301906886E-15i
19,0.7482117891892941-7.020905733359456E-16i,0.374364882716276-3.512883102629348E-16i
19,0.9401404701099486,0.47039565790708543
19,1.0268062149249093,0.5137585290378999
19,1.0335851458235916,0.5171503409653445
19,1.1855879391991389-2.1429843812732644E-16i,0.5932043523252037-1.0722339692447822E-16i
19,1.2940704676561507,0.6474831669995602
19,1.4588614868632885+1.3059989155099284E-9i,0.7299357178274755+6.534515198727556E-10i
20,7.238708222894294E-8+4.444952088247039E-9i,3.6218597381597364E-8+2.22401463227289E-9i
20,0.30313890132832494-6.17811869286778E-14i,0.1516743800114169-3.0911978577198456E-14i
20,0.34754741451921756-1.5156874046313935E-14i,0.17389400829383986-7.583683465936592E-15i
20,0.737128375490041,0.3688193394228288
20,0.9408088352471164,0.47073007182544746
20,1.0128648531066196+1.3745791977778128E-16i,0.5067830224267781+6.877653995774368E-17i
20,1.0341544567243184,0.5174351934785757
20,1.1951586063478974,0.5979929987170812
20,1.3002283026385937-1.5180982942822196E-16i,0.6505642159810073-7.595746259311598E-17i
20,1.461490076375604+2.168572494282177E-10i,0.7312509224509597+1.0850368828902511E-10i
21,1.1499793495792668E-7+6.422049959718378E-7i,5.753877318584513E-8+3.2132479261961846E-7i
21,3.688187478133108E-7-5.3980559810720546E-8i,1.8453703785969364E-7-2.700896488732909E-8i
21,0.317418050894384+1.0509439933241113E-15i,0.15881889741921926+5.258357733556348E-16i
21,0.3631195228122461-8.704532723389692E-14i,0.1816854526134774-4.355279373000283E-14i
21,0.7259519066731793-2.1133290997488828E-16i,0.36322723636021853-1.0573960635204918E-16i
21,0.9415287441342981,0.4710902754603143
21,0.999091159031076,0.49989140772401086
21,1.0347135569256662,0.5177149371077572
21,1.2046951447238783,0.602764568909141
21,1.306666703613449-6.963837279683485E-15i,0.653785645074558-3.484329121957173E-15i
22,1.5140326731771095E-7+3.0244259919389696E-7i,7.57540408093143E-8+1.5132598792423438E-7i
22,4.2069172204537263E-7-5.285792261782112E-8i,2.104914804321258E-7-2.6447257698101154E-8i
22,0.33152526025440077+3.5858749537815747E-16i,0.16587738520813658+1.7941787016777992E-16i
22,0.37830518898374405-5.661159567577115E-15i,0.18928354210819276-2.8325393533968325E-15i
22,0.7147128780354634-2.1004449533413117E-16i,0.3576038317325498-1.050949530562229E-16i
22,0.9422805720140701,0.47146644964000567
22,0.9855453591578547,0.4931138190063414
22,1.035257855431195,0.5179872747655287
22,1.2141896033012258,0.6075150846362648
22,1.313380649081293,0.6571449417923447
23,6.612956829951743E-8-1.9731568594930785E-8i,3.308767442350939E-8-9.872614237812538E-9i
23,0.3454344321150745+7.087383572174568E-14i,0.17283678569812846+3.546145032861985E-14i
23,0.3930458807827206-1.804223826742402E-14i,0.1966589903919734-9.02736432453415E-15i
23,0.7034445333572479,0.35196575893709503
23,0.943046646759556,0.4718497521840039
23,0.972294698463819+1.2802223531696382E-16i,0.48648390203856573+6.40554316331219E-17i
23,1.0357828509650815,0.5182499542558946
23,1.2236326789323477,0.6122398911044391
23,1.3203648497185336-6.59559623538478E-15i,0.66063945964171-3.3000811358226927E-15i
23,1.4574029321246338+2.012950781287084E-9i,0.7292059355899309+1.0071721590576592E-9i
24,7.889533257927537E-8-6.537442263623159E-9i,3.9474975340744913E-8-3.270984020363427E-9i
24,0.35911271829319585+5.895351153899813E-14i,0.17968066342742808+2.949716210288959E-14i
24,0.40727319808497886-9.394783315936175E-15i,0.2037775737265106-4.700643594544417E-15i
24,0.6921851369575327-2.984973793755215E-16i,0.3463321633782725-1.4935201240562303E-16i
24,0.9438109322455633,0.47223215947892355
24,0.9594150847524182,0.4800396369973481
24,1.0362841718092117,0.5185007882065591
24,1.2330129282069793,0.6169332626474776
24,1.3276136892041814-8.162042632592308E-16i,0.66426638851811-4.0838465485640946E-16i
24,1.44866147207792+1.1036583758524131E-9i,0.7248321797731416+5.522112113236083E-10i
25,2.2888428234802453E-8+1.0571871024724902E-8i,1.1452136781974574E-8+5.2895948893708834E-9i
25,0.3725179896728428+4.0819063159385214E-14i,0.1863879392553845+2.0423660804394826E-14i
25,0.4209073631924407-7.618212410629524E-15i,0.21059937564828968-3.8117431946684545E-15i
25,0.6809808910412063+9.362678143766978E-17i,0.340726162151087+4.6845798954857185E-17i
25,0.9445588113446489,0.4726063579014297
25,0.9469927708031511+1.2393903267926834E-16i,0.47382418012821614+6.201241694309152E-17i
25,1.0367576155279172,0.518737673945045
25,1.2423156206600325,0.6215878289339916
25,1.3351211230132796-2.0598644740106114E-14i,0.6680227040667979-1.0306452442562505E-14i
25,1.4399365274320348+5.931149949783739E-10i,0.7204666873734537+2.9676279997262666E-10i
26,5.742374367085504E-8+7.488767627514193E-10i,2.8731748650689054E-8+3.746975996731475E-10i
26,0.3855951974608757+3.122445146314812E-14i,0.19293106973068466+1.5623033850545423E-14i
26,0.43385575407428983-2.653766044207074E-15i,0.21707805308145367-1.3278016041052678E-15i
26,0.6698898777968446,0.33517681645455766
26,0.9351259590872002-1.4149926236901802E-16i,0.4678866666588391-7.079861013499111E-17i
26,0.945276946620146,0.47296567411653134
26,1.037199188126361,0.5189586130914411
26,1.2515209859707386,0.6261936979602427
26,1.3428805031272693-2.588600927196701E-14i,0.6719050799773301-1.2951964891641975E-14i
26,1.431249923643321+3.51614358529759E-10i,0.7161203786737629+1.7592888804248657E-10i
27,5.37104402258936E-8+3.947892222580464E-11i,2.687381159496694E-8+1.975312645747311E-11i
27,0.39827110897539675+2.6864341161848733E-14i,0.1992734131634142+1.3441469479119815E-14i
27,0.4460117055497138-4.021037472222298E-15i,0.22316023651421232-2.0119105892695427E-15i
27,0.65898756188648,0.32972188474124986
27,0.923926111441654+2.5951409271444573E-16i,0.46228286608947344+1.2984687529119514E-16i
27,0.9459532007785418,0.4733040352762352
27,1.0376051421593246,0.5191617306259875
27,1.260601418339566,0.6307370572709167
27,1.3508842651718314-1.5745124970564345E-13i,0.6759097314441936-7.878012546882188E-14i
27,1.4226308389091338+2.2198556501795036E-10i,0.7118078528725698+1.1106962121339474E-10i
28,5.7562684609961656E-8+4.066588095153241E-9i,2.8801267213647676E-8+2.0347016677550506E-9i
28,0.4104467053865723+2.6099271068160753E-14i,0.2053654258640017+1.3058669608773521E-14i
28,0.4572539421026844-2.9324813763470274E-15i,0.22878524620990517-1.4672557454799417E-15i
28,0.6483745803635365-7.178135101701936E-16i,0.32441172037266686-3.591552210613952E-16i
28,0.9135186055865888,0.457075510678752
28,0.946576602224173,0.473615951784971
28,1.0379720132867307,0.5193452931794889
28,1.2695168390751024,0.6351978536473567
28,1.3591233435425387-8.335943922300494E-13i,0.6800321225271811-4.170857388097048E-13i
28,1.4141205428243007+1.5917545646698037E-10i,0.7075497590524612+7.964282567124172E-11i
29,2.024336868643637E-8+1.1621109343667226E-8i,1.0128691439480628E-8+5.814577235128722E-9i
29,0.421986384500248+2.1995110565821943E-14i,0.21113925979764706+1.1005168732007565E-14i
29,0.4674471734510433-3.2981168872659692E-15i,0.23388539019769633-1.6502000630379279E-15i
29,0.638187687910196,0.31931474802654775
29,0.9040422115911035+4.2772367538076073E-16i,0.4523340334954841+2.1400989115981732E-16i
29,0.9471373436262484,0.47389651658260606
29,1.0382966547623047,0.5195077262895843
29,1.2782067147212617,0.6395457994083001
29,1.367586005826826-2.8595459541158273E-12i,0.68426638295892-1.4307627882932735E-12i
29,1.405780460967123+1.3041851590946627E-10i,0.7033768312646091+6.525440138464036E-11i
30,2.4519447991499905E-8+7.191365865593488E-9i,1.2268211226064218E-8+3.5981721722933514E-9i
30,0.43270332712887666+1.9957580189241204E-14i,0.2165014407044606+9.98569826725321E-15i
30,0.47644453871682657-3.579468262946511E-15i,0.23838718720376875-1.7909731386303807E-15i
30,0.6286145071497934-5.301551790243991E-16i,0.31452484395877967-2.6526109890883196E-16i
30,0.8956467056624857,0.4481333744872689
30,0.9476268033865565,0.4741414158857308
30,1.0385762693440035,0.5196476303670071
30,1.2865758684199993,0.6437332731799406
30,1.3762553223024652-1.64040989401689E-11i,0.6886040420181944-8.207727630777605E-12i
30,1.3977064304267686+1.3956379457489418E-10i,0.6993370212269158+6.9830206289693E-11i
31,3.560028328140467E-8+1.2977095057298824E-8i,1.7812464422339472E-8+6.49303945663244E-9i
31,0.442341823689514+1.6744350887563443E-14i,0.22132402528093986+8.37797138023571E-15i
31,0.48409263504397143-3.9253082607486615E-15i,0.24221388270079736-1.964012847555689E-15i
31,0.6199112936436203+3.0884887018328876E-16i,0.31017022465102523+1.5453134090349036E-16i
31,0.8884878878707679,0.4445514876181948
31,0.9480375814446377,0.47434694710263736
31,1.0388084381301739,0.5197637951236455
31,1.294468778691918+2.8354740659853553E-16i,0.6476824603899397+1.4187185119173455E-16i
31,1.3851030010165217-1.9097106717271776E-10i,0.6930309439354817-9.555163684573967E-11i
31,1.3900544542033637+3.9123734241010567E-10i,0.6955083844387592+1.9575409519313472E-10i
32,6.105381842114677E-8+4.304362082330133E-9i,3.0548042550063127E-8+2.1536709650965267E-9i
32,0.45056189646267314+8.873498450331007E-15i,0.22543690698650254+4.4398207227402996E-15i
32,0.4902396659810128-6.45936110849151E-15i,0.24528952591980122-3.2319164155681547E-15i
32,0.6124183848205198-3.939227037789907E-16i,0.3064211766230555-1.9709770539607304E-16i
32,0.8827194703647215,0.4416652821690005
32,0.9483635421263443,0.4745100402724329
32,1.0389911458545502,0.5198552122287963
32,1.301623925031988+2.8905248933862545E-16i,0.6512625102623435+1.4462629810651814E-16i
32,1.3830863969970273-1.1143151631944164E-10i,0.6920219438927783-5.575432937647899E-11i
32,1.394071769234194+3.03045843787861E-10i,0.6975184325188364+1.5162781902998758E-10i
33,2.2608854824434162E-8+9.952116678177335E-9i,1.1312253304468132E-8+4.979503192593992E-9i
33,0.45694154205565907-8.473501404439536E-16i,0.22862893805136636-4.2396837436982163E-16i
33,0.4947466428578912-5.647263445151534E-15i,0.24754457441582364-2.8255864821413555E-15i
33,0.6065580117745153-3.0182936485846093E-16i,0.30348896157413435-1.5101915848986813E-16i
33,0.8784819042680806+1.169567777188412E-16i,0.43954503231769787+5.851887260561497E-17i
33,0.9485998578576134,0.4746282799370557
33,1.0391228022161267,0.5199210859814858
33,1.307602915555419+1.1161624269097925E-15i,0.6542540751085634+5.584675650395077E-16i
33,1.377240889339761-3.2210345566599116E-11i,0.6890971666837734-1.6116322162413664E-11i
33,1.4030118408042946+4.029822186829568E-10i,0.7019915628452674+2.0163059873388648E-10i
34,2.3045323040575468E-8+1.090739308671849E-8i,1.1530638492868024E-8+5.4574720589127474E-9i
34,0.46102449505342624-9.466804941159331E-15i,0.23067182783502158-4.736679336922811E-15i
34,0.49750054342777006-5.684509116961569E-15i,0.24892247794360958-2.8442222103673977E-15i
34,0.6027865754923047-3.911500829229984E-16i,0.3016019379775248-1.9571043524533816E-16i
34,0.8758892420410704,0.43824780377283723
34,0.9487430486234126,0.47469992488440743
34,1.0392022588760554,0.5199608418148008
34,1.3117324986385257+1.397578734511635E-15i,0.6563202960755565+6.992731290683277E-16i
34,1.3731913379633731-1.6820235717076365E-11i,0.6870709892725384-8.415940061979327E-12i
34,1.4113556918122034+9.286836511310482E-10i,0.7061663765131493+4.6466328272226655E-10i
35,2.2998441852388346E-8+3.8481540260679074E-8i,1.1507181671188846E-8+1.9254090238327014E-8i
35,0.46243509607982936-2.060627083253266E-14i,0.23137761661760817-1.031026812849274E-14i
35,0.49842714821264666-5.583457807944241E-15i,0.24938610107362005-2.793661577675967E-15i
35,0.601479806092303-7.864765339567183E-16i,0.30094810094870844-3.9351050016577716E-16i
35,0.8750163156296937,0.4378110384099591
35,0.9487910131162121,0.47472392373337086
35,1.039228821821706,0.5199741324821985
35,1.3132360288005593,0.6570725815927093
35,1.371714475652883-1.412352289355243E-11i,0.6863320469120422-7.066650202497302E-12i
35,1.4159505193073858+7.742068206783897E-10i,0.7084653807271825+3.873713964537375E-10i
36,5.745997243306414E-8+2.173225997961687E-9i,2.8749875572118696E-8+1.0873652455067866E-9i
36,0.4626116993306241-1.4463753198722864E-14i,0.2314659793729488-7.236883123352055E-15i
36,0.4987835059714709-6.157415777508175E-15i,0.24956440330370364-3.08083923387501E-15i
36,0.6016645916434822-4.865742601155148E-16i,0.30104055768648563-2.4345555423321293E-16i
36,0.8751970921594868,0.4379014892493493
36,0.9477694011771004,0.4742127641402008
36,1.0402409937224901,0.5204805687886035
36,1.3132495821907764+9.54306709022988E-16i,0.6570793629792262+4.774836809051687E-16i
36,1.3717172348068418-1.8148979668632968E-11i,0.6863334274440828-9.080771972905821E-12i
36,1.414920529455898+1.5654817035367122E-9i,0.7079500292778702+7.832827319842276E-10i
37,5.0215833281419855E-8+6.995410750602735E-9i,2.5125298489707096E-8+3.5001267863463407E-9i
37,0.463140945811909-3.3178950591551898E-15i,0.23173078580844866-1.66009599505428E-15i
37,0.49985048919251507-5.152655020710628E-15i,0.2500982642427824-2.5781110647773336E-15i
37,0.6022178050084334+1.434956197960933E-15i,0.3013173558597828+7.179747987327284E-16i
37,0.8757391440772198,0.43817270283558285
37,0.9448317223095944,0.47274290785006723
37,1.0431503198150764,0.5219362388771683
37,1.3132903241013703+3.090184357254463E-15i,0.6570997480370421+1.546161823684602E-15i
37,1.37172547953992-2.3483117622405152E-11i,0.686337552664477-1.1749687323224031E-11i
37,1.4118729236653509+2.081148008498475E-9i,0.7064251714758034+1.0412943786423448E-9i
38,5.484794479797406E-9+5.484794479797406E-9i,2.744295762002161E-9+2.744295762002161E-9i
38,0.4640211501525451+4.2957462429055935E-15i,0.23217119265515931+2.1493600630734982E-15i
38,0.5016218622925044-3.900993546722128E-15i,0.25098456394081686-1.951847074179295E-15i
38,0.6031360213633273-1.798884111298433E-16i,0.3017767818712074-9.000647264273904E-17i
38,0.8766416399974373,0.4386242631881539
38,0.9402916625284259,0.47047130645049073
38,1.0476430135621946,0.5241841408643081
38,1.3133585035387438+3.882879224559593E-15i,0.6571338613555501+1.9427836429558844E-15i
38,1.3717391113305637-3.307151754137921E-11i,0.686344373278345-1.6547206238279954E-11i
38,1.4069269844359678+2.593492858847278E-9i,0.7039504898598721+1.2976441482963915E-9i
39,0.46524951798237724+1.3136574607499836E-14i,0.23278580176075203+6.5728344344305536E-15i
39,0.504087345655409-4.2666825384258396E-15i,0.25221815903157696-2.1348181506416545E-15i
39,0.6044135492696862-2.1002364987843872E-16i,0.30241598803146985-1.0508452311287232E-16i
39,0.877903199682569-1.4029315594195177E-16i,0.4392554797105181-7.019513943640559E-17i
39,0.9345159750400325,0.4675814634936709
39,1.0533521456288446,0.5270406830725766
39,1.3134545482909041+3.65022955504027E-15i,0.6571819169768294+1.826378278188841E-15i
39,1.3717579647702214-5.4162461001888843E-11i,0.6863538065241561-2.7099978446700368E-11i
39,1.4002586582930976+2.5507623249628984E-9i,0.7006140185953732+1.2762640904876756E-9i
39,1.4054655708972124-9.1863823660345E-10i,0.7032192772327243-4.5963709831058357E-10i
40,0.4668221670218491+1.6569744987399462E-14i,0.23357267064162554+8.290607991579025E-15i
40,0.5072327774655643-3.5513589189512236E-15i,0.25379196370521984-1.776908736785778E-15i
40,0.6060424548734595+1.6790427183695997E-16i,0.30323100466729863+8.401025477280017E-17i
40,0.8795219020573115-2.0434981609344436E-16i,0.44006539120005717-1.0224564226367779E-16i
40,0.9278295396482037,0.4642359313363065
40,1.0599525711807674,0.5303431805383012
40,1.3135790846468767+3.3860622360601553E-15i,0.6572442282621783+1.6942031790840556E-15i
40,1.3717818055026398-1.092621884157231E-10i,0.6863657351426632-5.466891452739102E-11i
40,1.3920752397878975+3.0532335911576706E-9i,0.6965194767114008+1.527673650394669E-9i
40,1.395192365351977-1.4647373776829746E-9i,0.6980791184640026-7.32875697134603E-10i
41,0.46873415505691096+2.5836207587726186E-15i,0.23452932648004318+1.2927046811027272E-15i
41,0.511040325517244-3.3471477334556213E-15i,0.25569705568639284-1.6747324578070046E-15i
41,0.6080125944312846+9.037478760492711E-16i,0.3042167563958286+4.521867638424401E-16i
41,0.8814952962449005-2.3877710557591824E-16i,0.4410527713700358-1.1947120376319718E-16i
41,0.9204837751448939,0.4605605064011787
41,1.0671924980382876,0.5339656500155956
41,1.3137329661440584+2.005107848051141E-14i,0.657321222275741+1.0032479776648388E-14i
41,1.3718103267673876-3.0655045580551706E-10i,0.6863800056474674-1.5338133813502258E-10i
41,1.3825922537660296+4.46170502449046E-9i,0.6917747012331592+2.232396899302813E-9i
41,1.3845583992181205-3.4470226796878836E-9i,0.6927584545262913-1.7247045019163974E-9i
42,0.4709795132814442+6.863572402215462E-17i,0.23565278280688645+3.434161977258011E-17i
42,0.5154887356522307+1.446299193849887E-16i,0.25792280053901356+7.236502229735314E-17i
42,0.610311653933068+3.509682531849765E-16i,0.30536708194960727+1.7560561172538396E-16i
42,0.8838204154459464-2.8352904625769373E-16i,0.4422161357938229-1.418626646660139E-16i
42,0.9126616305495394,0.45664672652449084
42,1.0748884689282185,0.5378162993654523
42,1.3139173125634207,0.6574134592956073
42,1.3718431446700032+5.6348612222802746E-12i,0.6863964259584557+2.819381077765609E-12i
42,1.3720167209817187+8.320822061361256E-13i,0.6864832741965037+4.163291223304184E-13i
42,1.3736957753889858+5.0305686483077084E-14i,0.6873233825927264+2.5170256192574272E-14i
43,0.47355128309298944+1.902114653685811E-14i,0.23693955791225546+9.51715730129781E-15i
43,0.5205536014441693-2.683376315619759E-15i,0.2604569866017956-1.3426169891937834E-15i
43,0.6129251944051548+1.2022827726345924E-16i,0.3066747568438603+6.015575478392751E-17i
43,0.8864937934353201-2.77076522645402E-16i,0.443553750159045-1.386341693652957E-16i
43,0.9044935202596429,0.4525598440469987
43,1.0829093915444423,0.5418295370581548
43,1.3141335608599536+1.9242603474730652E-14i,0.6575216582966641+9.627962425958019E-15i
43,1.3605373017351403-5.788885519175195E-10i,0.6807395910549259-2.896446540614038E-10i
43,1.3626804198381852+3.5322061581762347E-10i,0.6818118919313433+1.7673257268080946E-10i
43,1.3718797879366011-4.6087096536745626E-10i,0.6864147602755576-2.3059500984884162E-10i
44,0.4764415540442106+1.710029980931583E-14i,0.23838569383433786+8.55606905026735E-15i
44,0.5262076386963287-3.1431303566887167E-15i,0.2632859623321454-1.572653150278075E-15i
44,0.6158367014083974+1.91382195107412E-15i,0.30813151814265993+9.575734312206014E-16i
44,0.8895114834111961-3.772767332574626E-16i,0.4450636396986325-1.887689582525101E-16i
44,0.8960726137486856,0.4483464759553852
44,1.0911612041619716,0.545958299672421
44,1.3143835302791453+4.5665871947436514E-14i,0.6576467295313739+2.2848742886372E-14i
44,1.3483202309450313-8.081027246603904E-11i,0.674626826808814-4.043310812677567E-11i
44,1.3515596143552036+1.7286603061509622E-11i,0.6762476398031352+8.649285163893093E-12i
44,1.3719196877138644-9.713628834215154E-11i,0.6864347239752098-4.8601767197634875E-11i
45,0.4796415002663194+9.860916802605976E-15i,0.23998677458372852+4.933871686628275E-15i
45,0.5324209481549436-1.9357244334861383E-15i,0.2663947677537689-9.685322538131388E-16i
45,0.6190276373051582+1.0043465576432409E-16i,0.30972809061051737+5.0252092614846946E-17i
45,0.8874664729766836-1.038781005263955E-16i,0.444040426615744-5.1975006919484694E-17i
45,0.8928690788929444-2.8025118166588466E-16i,0.4467435996469986-1.4022259776089061E-16i
45,1.0995751815536063,0.5501682008059088
45,1.3146695046006027+1.6339893307139274E-13i,0.6577898156800542+8.175602589945378E-14i
45,1.3355092886520021-1.6467229687561174E-11i,0.6682169212468991-8.239314856727236E-12i
45,1.3403648945169764-1.9496829434971315E-11i,0.6706464049123826-9.755163404563355E-12i
45,1.3719621537097495-3.984915960586715E-11i,0.6864559716724509-1.9938373302506738E-11i
46,0.48314141226861934-5.923404250783854E-15i,0.241737942054209-2.9637524691084058E-15i
46,0.539161250377779-2.239587994636825E-15i,0.2697672519722522-1.1205692145715145E-15i
46,0.6224774950699506-1.3672879364168967E-15i,0.31145421363633036-6.841172450793758E-16i
46,0.878725202013706,0.43966676540627275
46,0.896561736330537-4.690923959151225E-16i,0.4485912065525696-2.347085709116417E-16i
46,1.1080997140730147,0.5544334177711441
46,1.3149943352968736+1.0076068135747643E-12i,0.6579523434659954+5.041521826283389E-13i
46,1.3222277257468964-5.014285421166121E-12i,0.6615715424770108-2.5088783693648426E-12i
46,1.329118691363396+1.545406034664669E-11i,0.6650194105433747+7.732379485000263E-12i
46,1.3720063430351928-1.6192085782334114E-11i,0.6864780816309892-8.10164766503271E-12i
47,0.48693072054189857+5.780948129091828E-15i,0.2436339078326139+2.892475098101948E-15i
47,0.5463940776924783-1.7184284181317016E-15i,0.2733861692206805-8.598090306853389E-16i
47,0.6261638527670068-2.7731299736028457E-16i,0.3132986684910233-1.3875248857675627E-16i
47,0.8698869927178113,0.4352446014758373
47,0.9005841990564638-3.702030918310277E-16i,0.4506038302620327-1.852296890492627E-16i
47,1.1166946727914964,0.5587338722134378
47,1.3085810934959952+1.0472638806882195E-12i,0.6547435026681+5.239944431932071E-13i
47,1.315361570431607-7.258705559582118E-12i,0.658136088149159-3.6318653284377074E-12i
47,1.3178379523763435-1.8337668137111063E-11i,0.6593751363033006-9.17518152029915E-12i
47,1.3720512046481663-1.0163263576206087E-11i,0.6865005279660001-5.085149728586278E-12i
48,0.4909980068003436+8.414243573826067E-15i,0.2456689588236791+4.210034316720235E-15i
48,0.5540829093707555-1.3482907956749012E-15i,0.27723324649352366-6.746120989849423E-16i
48,0.6300624283180425-2.1829501036311958E-16i,0.31524930573038756-1.0922306642706781E-16i
48,0.8609818878848966,0.4307889666214834
48,0.9049308221797023-4.252762975157509E-16i,0.45277864637593834-2.1278535508509233E-16i
48,1.1253275352996355,0.5630532916706841
48,1.2946603327379675+4.320744040512696E-14i,0.6477783037180178+2.1618676146846374E-14i
48,1.3065361856919226+1.2146115845968932E-12i,0.6537203409359563+6.077262213498846E-13i
48,1.3157756153409077+6.053266145059614E-13i,0.6583432539224724+3.028728367005624E-13i
48,1.3720953872337407-4.502599872149386E-12i,0.6865226345522711-2.252858478589237E-12i
49,0.4953309979124046+7.210095845159974E-15i,0.24783695421337343+3.607543645324113E-15i
49,0.5621892372885559+2.400926764285622E-16i,0.28128921639944454+1.2012944456489405E-16i
49,0.6341471348351944+1.5809307080640775E-16i,0.31729307288070313+7.910125818095516E-17i
49,0.8520343655469453-1.3446533490693258E-16i,0.4263121083320975-6.727921166062117E-17i
49,0.9095955979868124-4.711988238925857E-16i,0.4551126489580397-2.3576251402524555E-16i
49,1.1339706638250213,0.5673778476900616
49,1.2805447359037396+5.293718234003932E-15i,0.6407156192887312+2.6486914994392214E-15i
49,1.295224673306086+1.4248995389488097E-13i,0.6480606693444999+7.129429881865856E-14i
49,1.3162419326823032+7.103076756225842E-14i,0.6585765740055591+3.553997056970247E-14i
49,1.3721370763207101-4.5239108734890805E-13i,0.6865434935261331-2.2635213559086999E-13i
50,0.49991653649382045+6.869751791310204E-15i,0.2501313107552327+3.437253810756409E-15i
50,0.5706725502433954+2.8028257087091792E-15i,0.2855338093145402+1.4023830322855448E-15i
50,0.6383901375941361+2.252317088907435E-16i,0.3194160429450177+1.1269381677911163E-16i
50,0.8430651547234294,0.42182439829261614
50,0.9145721813723842-5.00141875133314E-16i,0.45760266325931925-2.502440580743265E-16i
50,1.1425993201350109,0.5716951625922879
50,1.2663046266696962+8.107466927990766E-16i,0.6335906355604664+4.056539805276271E-16i
50,1.2839132240938986+4.0241970683696747E-14i,0.6424010293617353+2.0134914810146796E-14i
50,1.3167672908184869+9.26432122135466E-14i,0.6588394349225857+4.6353673887393085E-14i
50,1.3721736930381208-2.195526716505227E-12i,0.6865618145594513-1.0985233240116534E-12i
51,0.5047405206234933+6.479732865502786E-15i,0.2525449726074296+3.242109345610749E-15i
51,0.5794902256380784+2.23598251067521E-15i,0.2899456991867079+1.118765224578403E-15i
51,0.6427619146623659-3.087736523763648E-16i,0.3216034447382758-1.544937059639263E-16i
51,0.8340925550295657,0.41733499264492785
51,0.919853914761759-5.339048216987913E-16i,0.46024535818797635-2.6713721815783204E-16i
51,1.1511901394930146,0.5759935459215328
51,1.2520037268677653+2.4719838093128407E-16i,0.6264352355060405+1.2368475640468784E-16i
51,1.2726106583099885+9.496089587458018E-15i,0.6367458341680439+4.75133179674154E-15i
51,1.3173600713140297+7.97250395303974E-14i,0.659136030357056+3.989011601339087E-14i
51,1.3722012983363512-2.89347833367322E-12i,0.6865756267639417-1.4477407235207465E-12i
52,0.5097878029976856+6.05168186216296E-15i,0.2550703608749651+3.0279356771691833E-15i
52,0.5885973173932629+1.6845070175249382E-15i,0.29450239741851486+8.428365887334655E-16i
52,0.6472313242620227+3.2061677771736945E-16i,0.32383969659204503+1.6041936804696205E-16i
52,0.8251334420153459,0.41285233500537855
52,0.9254338519001181-4.542042821518656E-16i,0.46303725821220526-2.272593606166698E-16i
52,1.1597198774062056,0.5802613673854692
52,1.2377012406607446,0.6192790416999472
52,1.2613251302767312+2.6394988159025383E-15i,0.6310991637471736+1.3206630514546856E-15i
52,1.3180306471826193+6.869567273604942E-14i,0.6594715504063577+3.4371614880343024E-14i
52,1.3722133110221542-3.1038151248902928E-12i,0.6865816372649478-1.5529819256945545E-12i
53,0.5150420367802315+5.7772416604295045E-15i,0.25769929648141693+2.8906205808033554E-15i
53,0.5979462288339626+1.5503983122059764E-15i,0.29918008919722183+7.757358153115929E-16i
53,0.6517656831081288+1.790175063653335E-15i,0.3261084455507527+8.957071880307283E-16i
53,0.8162040832925838,0.40838456481079166
53,0.9313047797428553-5.027395069088154E-16i,0.4659747543129597-2.5154377311360614E-16i
53,1.1681643027830069,0.5844865030508907
53,1.223453711178905-4.867225047034701E-16i,0.612150345279319-2.43529727840987E-16i
53,1.2500643506856182+1.9117934872001216E-15i,0.6254648761138705+9.565584971454425E-16i
53,1.3187918434401096+6.121826718756209E-14i,0.6598524120177047+3.06303238560268E-14i
53,1.3721974234007182-3.158005891481677E-12i,0.6865736879548442-1.5800960667337786E-12i
54,0.5204854510431893+4.507962937377232E-15i,0.2604228878115353+2.25554186758956E-15i
54,0.607486259207793-1.4771262101661756E-16i,0.30395340659693626-7.390744016813336E-17i
54,0.6563308611777127+9.060868016693051E-17i,0.32839261478905146+4.5335703625471377E-17i
54,0.8073208564907604-2.2277153173460454E-16i,0.40393987654490643-1.1146287662843967E-16i
54,0.937459237457708-5.911711699870682E-16i,0.46905411349159487-2.95790214635954E-16i
54,1.1764971522320329,0.5886558121312209
54,1.2093167119460788+3.241204369750912E-16i,0.6050769522424471+1.6217241044223891E-16i
54,1.23883574557568+4.4323958577794036E-16i,0.6198466868581196+2.2177321707903354E-16i
54,1.3196594884559683+5.545889572803439E-14i,0.6602865348547068+2.7748644561315678E-14i
54,1.3721269587223368-3.4820532044709313E-12i,0.6865384312248126-1.7422318898717583E-12i
55,0.5260985324683984+5.458648520697967E-15i,0.2632313714518454+2.7312137322170224E-15i
55,0.6171630130146213,0.3087951330389812
55,0.6608913995649068+2.0689381817351973E-16i,0.33067446258016275+1.0351852389171162E-16i
55,0.7985009416470249,0.3995268661730434
55,0.9438895311800518-5.697783623503545E-16i,0.4722714861526228-2.850864058513212E-16i
55,1.1846890930113223,0.5927546181021617
55,1.1953464331595571-3.8433295526927756E-16i,0.5980869771378089-1.922995117188426E-16i
55,1.2276465754245736+5.083574151753949E-16i,0.6142482287319116+2.5435467184537786E-16i
55,1.320653056061483+5.1828818077540764E-14i,0.6607836625737344+2.5932349210836762E-14i
55,1.371930813750493-4.765302184764777E-12i,0.6864402908447216-2.38430056741026E-12i
56,0.5318595811271059+4.105065772710299E-15i,0.26611388992669677+2.0539538253045207E-15i
56,0.6269176634558268,0.3136758347615737
56,0.6654106591618377-1.533404413704645E-16i,0.3329356566877865-7.67232983745364E-17i
56,0.789763053523306,0.3951548975541469
56,0.9505877425436317-6.169757393639689E-16i,0.4756229103720306-3.0870143139022974E-16i
56,1.1816012153585846-1.7001817696929152E-16i,0.5912096104291846-8.506793905200151E-17i
56,1.192706675914621,0.5967661847823842
56,1.216504030199031+2.447830817554645E-16i,0.6086730992073678+1.2247627077836516E-16i
56,1.3217963799851513+4.91419606420803E-14i,0.6613557202889097+2.4587990456758073E-14i
56,1.3713515633905833-8.114142954350092E-12i,0.6861504651614267-4.0598801293143725E-12i
57,0.5377440956429075+2.843496321486246E-15i,0.26905818406691245+1.4227324165137498E-15i
57,0.636686066673705+1.250814006920802E-15i,0.318563417632927+6.258399637195685E-16i
57,0.6698510087364408-2.316814580267441E-16i,0.33515736847011046-1.159209238813193E-16i
57,0.7811282814091134+1.807183137507072E-16i,0.39083452263287755+9.04217112179856E-17i
57,0.9575457279469879-6.918387928129867E-16i,0.47910431153023925-3.461588714214686E-16i
57,1.168143071196748-2.7883005897201847E-16i,0.5844758799086006-1.3951154450257307E-16i
57,1.2005113036082289,0.6006712001448493
57,1.205415312322688+4.3804739888733537E-16i,0.6031249019893729+2.1917532639563703E-16i
57,1.323118387648717+5.1963814845090357E-14i,0.6620171817241232+2.5999894322770296E-14i
57,1.3691651805809661-1.2244186728019072E-11i,0.6850565169559565-6.126331601053354E-12i
58,0.5437239255995233+1.1643329460239787E-15i,0.2720501689202885+5.825694984748308E-16i
58,0.6463977345869071+4.0358551457300437E-16i,0.3234226132134253+2.0193245550543717E-16i
58,0.6741740613757919+2.932992397535347E-16i,0.3373203911833192+1.467511432960405E-16i
58,0.7726211144941102+9.56865119676197E-17i,0.38657799448082353+4.7876377180719315E-17i
58,0.9647551036435-5.849435885047721E-16i,0.48271149485196524-2.926742682623317E-16i
58,1.1550392186150111-3.58058949728908E-16i,0.5779194178135452-1.791534143908857E-16i
58,1.1943877183293912+5.142920134414142E-16i,0.5976072878704929+2.5732402519683176E-16i
58,1.2080583041320168,0.6044473127466152
58,1.3246537421203+5.916538918849117E-14i,0.6627853904118062+2.960317426755838E-14i
58,1.3634761718762787-1.0193997294320723E-11i,0.6822100433942264-5.100527225898753E-12i
59,0.5497661053847426+1.3870642978397016E-15i,0.2750733502699103+6.940122712358401E-16i
59,0.6559746947969628+4.2712591022768966E-16i,0.3282144083142492+2.137108016711796E-16i
59,0.6783409680060866-3.9459335683327927E-16i,0.3394052868431833-1.9743326406494151E-16i
59,0.7642707499228837+9.886001270087575E-17i,0.3823999217766597+4.9464226031768155E-17i
59,0.9722072083301946-8.266904245977912E-16i,0.486440126687674-4.1363136523490757E-16i
59,1.1423636224393328-1.362814957850407E-16i,0.571577232159389-6.81879207506818E-17i
59,1.1834287314458152+5.711581047889399E-16i,0.5921240010543303+2.85776754658521E-16i
59,1.215296290000223,0.6080688110573932
59,1.326443193787245+7.106819003491089E-14i,0.663680735651084+3.555869475954806E-14i
59,1.3564073111674773-7.023640809187069E-12i,0.6786731662046067-3.5142515872699513E-12i
60,0.5558312532505677+2.9856099420191927E-16i,0.2781080236100708+1.4938384183863588E-16i
60,0.6653303014176999+2.0422997435685726E-15i,0.3328954500004632+1.0218567991303033E-15i
60,0.6823127755429198+1.2637876927879345E-16i,0.34139256542417074+6.323312974010513E-17i
60,0.7561128078977138+1.0553950872079326E-16i,0.3783181269512026+5.280628610116332E-17i
60,0.979893028434717-6.948803405751852E-16i,0.4902856971312051-3.4768069811241805E-16i
60,1.130198501271586-7.249415689670833E-16i,0.5654904607064462-3.6272171778605077E-16i
60,1.1725461425727381+1.3461492646629388E-15i,0.5866789396880382+6.735405922034263E-16i
60,1.2221670953294566,0.6115065920017857
60,1.3285333331565607+9.472690208820908E-14i,0.6647265288224299+4.73962400789661E-14i
60,1.3494205520134066-5.549815430352113E-12i,0.6751773682112142-2.776828743813218E-12i
61,0.5618713847467932+2.607713755894705E-16i,0.2811301801061953+1.3047595192811878E-16i
61,0.6743681170392577+1.1956107623642851E-15i,0.3374174861860222+5.982192332358233E-16i
61,0.6860508549255823-1.635099061481664E-16i,0.34326289902475576-8.181155085037183E-17i
61,0.7481916106386916+1.820438452209321E-16i,0.3743547864563148+9.108493577626896E-17i
61,0.9878030584062076-7.904855374699504E-16i,0.49424345011685095-3.955163896100834E-16i
61,1.1186356962073176-4.836445980301484E-16i,0.5597050557926231-2.4198970910910064E-16i
61,1.1617482292063026+5.923193652696963E-16i,0.5812762453848835+2.9636470971679493E-16i
61,1.2286066831291997,0.6147286149185912
61,1.330975337214529+1.1713398906086837E-13i,0.6659483761335295+5.860753961705818E-14i
61,1.3428481008442623-5.622354520530298E-12i,0.6718888676200098-2.8131233977858927E-12i
62,0.5678269621279102+2.276860889931287E-16i,0.2841100302769675+1.1392185639629834E-16i
62,0.6829810691791899,0.34172694356733446
62,0.6895174006573512-2.1596458324191989E-16i,0.3449973718104765-1.080570462059055E-16i
62,0.7405632080399648-1.1959562960102352E-16i,0.3705379446403375-5.98392119662781E-17i
62,0.9959270411200313-6.289610010526624E-16i,0.4983082535318639-3.1469821084658294E-16i
62,1.1077777115113816,0.5542723050314602
62,1.1510440484871804+1.788283318521602E-15i,0.5759204498502662+8.9476066065091E-16i
62,1.234547422016479,0.617701040706207
62,1.333822292648931+2.3863549763639684E-13i,0.667372839303848+1.194003507768682E-13i
62,1.3368053672317277-1.3642324893986195E-11i,0.6688654091650269-6.825884639492595E-12i
63,0.5736230139851634-1.7280639216144664E-15i,0.28701006246719685-8.646301176868497E-16i
63,0.6910511956760752-6.764178936397665E-16i,0.3457648002319367-3.384430840016828E-16i
63,0.6926759984387275-2.288659821176817E-16i,0.34657776402703605-1.1451221137008142E-16i
63,0.7332993191209808-8.301335704103427E-17i,0.36690348583801635-4.153541299613061E-17i
63,1.0042534720158047-6.8897167562085535E-16i,0.5024743511138319-3.44724320393438E-16i
63,1.0977381236230832-1.4616930960642324E-16i,0.5492490359562764-7.313525025690767E-17i
63,1.1404439616833242+5.872656434580673E-16i,0.570616737304641+2.9383609950157615E-16i
63,1.2399219238424763,0.6203901519643014
63,1.3313563841002833+4.2243445263693005E-12i,0.6661390314730417+2.1136344896154626E-12i
63,1.3371249163745815-2.1417346909545378E-14i,0.6690252943460879-1.0716086915141161E-14i
64,0.5791642940630906+7.732005925503042E-16i,0.2897826205803469+3.8686793409107584E-16i
64,0.6954922511653766+5.714224433417027E-16i,0.34798686521595706+2.8590901543378857E-16i
64,0.6984504208941077+7.164952022337095E-16i,0.34946697402946725+3.584956107703564E-16i
64,0.7264922228744662,0.36349758148742334
64,1.0127685992228035-7.284985925697157E-16i,0.5067348621672815-3.6450146082546665E-16i
64,1.0886409252921414-2.639778223458178E-16i,0.5446972878611283-1.3208028519474184E-16i
64,1.129960658520425+9.004450378866448E-16i,0.5653714570033104+4.505342015074866E-16i
64,1.244668119383448,0.622764892596188
64,1.3265473078431496+1.0653633319895006E-12i,0.6637328287173669+5.330504338385493E-13i
64,1.3409258798552466+1.1404602959772749E-13i,0.6709270917625518+5.706249101056146E-14i
65,0.5843298795962014-1.0172203364670625E-16i,0.29236720137712807-5.0896227172619316E-17i
65,0.6979344463548748,0.3492088081589804
65,0.7050429112580834+4.130198040310688E-16i,0.35276550115451033+2.066528658458123E-16i
65,0.720260200153148-5.280844935376638E-16i,0.360379412956987-2.6422503941259776E-16i
65,1.021454237597876-7.478185849982512E-16i,0.5110806878259805-3.7416814451595605E-16i
65,1.0806182632446608-2.370215629458993E-16i,0.5406831798507056-1.1859282477975112E-16i
65,1.1196113639232947+5.554870845362655E-16i,0.560193227370964+2.7793582012139815E-16i
65,1.2487345213071417,0.6247995011137714
65,1.3224153192732382+4.37080993121729E-13i,0.6616654041743296+2.186917889984389E-13i
65,1.3452539763118914+1.8209888799993184E-13i,0.6730926381302884+9.111247621843035E-14i
66,0.588968638825294-6.073708322738324E-16i,0.2946881866647696-3.038956531757542E-16i
66,0.699974240655234+1.7278659998685705E-16i,0.350229411369265+8.645310883047149E-17i
66,0.7106895696501723+2.1783648962172975E-16i,0.35559078490068563+1.0899364734272086E-16i
66,0.7147520984722375,0.3576234555268086
66,1.0302824145423142-7.044557438504423E-16i,0.5154978321080615-3.524717142069209E-16i
66,1.0738060153405315,0.537274697888096
66,1.1094232096620675+4.96125790900412E-16i,0.5550956236841359+2.482346258192452E-16i
66,1.2520840729320177-2.524612310651918E-16i,0.6264754363493782-1.2631800316930846E-16i
66,1.3189914189405676+1.7852171974885617E-13i,0.6599522688495557+8.932265388186791E-14i
66,1.350119457142943+1.404285290925092E-13i,0.6755270626969588+7.026287287012529E-14i
67,0.5928989315809464-7.151983685317023E-17i,0.29665469348512413-3.578467450297076E-17i
67,0.7015873304416871-2.800637536373806E-16i,0.35103651462190244-1.4012881886977653E-16i
67,0.7101476570358485-1.6376200339503316E-16i,0.3553196410143756-8.193768673545141E-17i
67,0.7152550334013027+4.505869201031367E-16i,0.35787509707864434+2.2544942746848723E-16i
67,1.039199968244848-7.238605673190407E-16i,0.5199596957063116-3.6218084278109525E-16i
67,1.0683368468157886+1.3605076605174426E-16i,0.5345382205124329+6.807247601859829E-17i
67,1.0994486505235002+9.691074181633054E-16i,0.550104891493051+4.848891586341902E-16i
67,1.2546951254537986+3.753039658099322E-16i,0.6277818664072923+1.8778189166950232E-16i
67,1.316301187464049+5.774058771037017E-14i,0.6586062219070478+2.8890280343728744E-14i
67,1.3555120314386253-1.569880884441553E-13i,0.678225216445551-7.854838451814321E-14i
68,0.5959184005917825+1.4253554050647923E-16i,0.29816547315799175+7.131710790393494E-17i
68,0.7027540727625299+1.7121057476448109E-16i,0.3516202896417744+8.566455068950454E-17i
68,0.7066477352547232-7.66519983995776E-16i,0.3535684686510976-3.835253173692795E-16i
68,0.7186170370964297+8.630925822602328E-16i,0.35955726265957116+4.318450444108067E-16i
68,1.0480723545097976-5.551004661525265E-16i,0.5243989599513862-2.777423771043599E-16i
68,1.0643308877545634,0.5325338543479452
68,1.0898216690467446+4.943064609937748E-16i,0.5452880684443758+2.473243311179837E-16i
68,1.2565590869229726+1.5493870518083364E-16i,0.6287144923387161+7.7522983507227E-17i
68,1.3143648497761589+1.2019663739273998E-14i,0.6576373828137592+6.013992389665451E-15i
68,1.3614010868762945-1.3264149922721328E-12i,0.6811717826185079-6.636666251317768E-13i
69,0.5978302831319385-3.5987704159791865E-16i,0.29912207621244025-1.800630896447962E-16i
69,0.7034600191549899+1.182757457016718E-16i,0.35197350719626336+5.91788131482973E-17i
69,0.7044480158495976-1.6893711797236406E-15i,0.35246784753150673-8.452703535275263E-16i
69,0.7206771925420631+5.574702047077598E-16i,0.3605880534903565+2.7892806664990873E-16i
69,1.0563868936134406-5.802856130241387E-16i,0.5285591075210306-2.9034366819735273E-16i
69,1.0618849820025305,0.5313100548392701
69,1.081054537525913+6.787246897755756E-16i,0.5409014680045318+3.3959728055045445E-16i
69,1.257675643846012,0.6292731572883724
69,1.3131970931692412-9.635534301470369E-15i,0.6570531002997619-4.8211024215310825E-15i
69,1.3677291780418286-1.4423091132114838E-11i,0.6843380186244521-7.2165380151665645E-12i
70,0.5984862073573192+5.100457476229486E-16i,0.29945026536857666+2.5519942247327077E-16i
70,0.7036961384793275,0.35209164858943554
70,0.7036964071849591-7.990312310665719E-16i,0.3520917830352619-3.9979219443867984E-16i
70,0.7213713499486667-1.8146677708594368E-16i,0.36093537247124474-9.079620196079632E-17i
70,1.061062338416837,0.5308984482942714
70,1.0610636507828295-1.8331451243063037E-16i,0.5308991049315337-9.172070921342043E-17i
70,1.0762269507179738,0.5384860035661606
70,1.2580473743567773+1.8464668450033383E-16i,0.6294591512155939+9.238725637003875E-17i
70,1.312806842556971+1.6612739328700045E-16i,0.6568578399111883+8.31212004441088E-17i
70,1.3735986864268845-3.0965667073438797E-13i,0.6872748045050308-1.549355207933823E-13i
71,0.5971736253354185+3.136500939295815E-16i,0.2987935200168137+1.569336146856544E-16i
71,0.7039427497851796+1.1311928993112446E-15i,0.3522150396050888+5.659880039299944E-16i
71,0.704481642839863-2.4807735989564234E-16i,0.3524846726663799-1.241245501391044E-16i
71,0.7199822956448236,0.3602403645081809
71,1.0541418117760792-6.154285956329989E-16i,0.5274357894834429-3.07927323992086E-16i
71,1.0613151676038464,0.5310249504027781
71,1.0848434513833118+4.574657101093435E-16i,0.5427972364384722+2.288912035152049E-16i
71,1.2573089028493125,0.6290896598452682
71,1.3135869512803635-1.6350814090569344E-14i,0.6572481643019001-8.181066761810938E-15i
71,1.3646289689759374+1.7378410121989242E-11i,0.6827868409764685+8.695220472485622E-12i
72,0.5933372014346534+4.673310086706266E-16i,0.29687398011593075+2.3382726759788595E-16i
72,0.7046808227771213+5.644333095105609E-16i,0.3525843315797097+2.8241202927988306E-16i
72,0.7067457655369883+1.6196103666128009E-16i,0.3536175177247062+8.103657997691193E-17i
72,0.715849364397463+1.2987442673512628E-16i,0.35817246830011795+6.498216846492163E-17i
72,1.0444025994485024-6.933122453907399E-16i,0.5225628121614565-3.4689610773534195E-16i
72,1.0620706145797423+1.725672389942482E-16i,0.5314029353832554+8.634335240393948E-17i
72,1.0996333534053158+6.313421630082274E-16i,0.5501973068675308+3.1588961604642533E-16i
72,1.2551468819736624,0.6280079010394896
72,1.3159164672401937+6.03273115248954E-14i,0.6584137286269859+3.018453762680817E-14i
72,1.3547415092762827+6.222573847912879E-12i,0.6778396886536832+3.113440823074114E-12i
73,0.5872341373348917+8.631826525615404E-16i,0.29382033553437076+4.318901107386465E-16i
73,0.7059076549229908+9.268485731335406E-16i,0.35319817231175515+4.637451085244816E-16i
73,0.7090730887816361+1.9960457286285234E-16i,0.35478198493320806+9.987137811661644E-17i
73,0.7102576368808636+1.336705622532587E-16i,0.3553746690056144+6.688155022895473E-17i
73,1.0359531151444588-8.470542353276802E-16i,0.5183351452813026-4.2382031938626024E-16i
73,1.0633269699557513+2.3308514340079686E-16i,0.532031547949624+1.1662325244392749E-16i
73,1.1163844021699614+7.1309759342874E-16i,0.5585786295047296+3.5679563031005596E-16i
73,1.2517037843819323,0.626285160440193
73,1.319761852371864+3.510665598257106E-13i,0.6603377522451869+1.756547990738866E-13i
73,1.3448214654602473+3.602974862568886E-12i,0.6728762329939504+1.802734575081715E-12i
74,0.5791805859617526-4.550672304389987E-16i,0.2897907721690013-2.276911334635703E-16i
74,0.6998132876274877+6.6193315259753665E-16i,0.35014887914266063+3.311956996917864E-16i
74,0.7076183374731286-3.781308519857404E-16i,0.35405410572726714-1.8919631326369476E-16i
74,0.7147431255909743,0.35761896598027876
74,1.0292408301685427-9.360437350057997E-16i,0.5149766793842472-4.683458722996625E-16i
74,1.065080144124008+1.2855454068286865E-16i,0.5329087418823631+6.432176856974266E-17i
74,1.1344827856811206+5.030782971229375E-16i,0.567634085885403+2.517132854904596E-16i
74,1.2471701605612289,0.6240167792486105
74,1.3250451476594844+1.656192395754451E-12i,0.6629812286636065+8.286694769458397E-13i
74,1.3349085965046528+2.6469219299075136E-12i,0.6679163672479643+1.324377177914619E-12i
75,0.5694748206132831-1.4191665568094045E-15i,0.2849345299139996-7.100745126864087E-16i
75,0.6882765936766297+2.9036848127919047E-16i,0.34437653882371666+1.4528474959793207E-16i
75,0.7098060479433786,0.35514871822261385
75,0.7199591706160845-1.624435487651234E-16i,0.3602287939892493-8.127800304692291E-17i
75,1.024320457506125-1.00870403263295E-15i,0.5125147899014816-5.047011719519057E-16i
75,1.067324400544367+3.12730069850607E-16i,0.5340316469257376+1.5647328418645892E-16i
75,1.1536578986486923+2.5739752082821222E-15i,0.5772282796964288+1.2878785671196515E-15i
75,1.2417437706966765,0.6213017060105677
75,1.324736451414558-8.771661042631392E-13i,0.6628267736881616-4.3888667686053287E-13i
75,1.331969559584008-1.2706733908336647E-12i,0.666445831461181-6.357765298586987E-13i
76,0.5583648557058098-1.9444603995596373E-15i,0.27937570182593274-9.729032607416212E-16i
76,0.6746995316167897+9.208031737409562E-16i,0.33758330819155713+4.607203162567333E-16i
76,0.7124620970437413,0.3564776621450603
76,0.7257231018881115+2.3095433017783375E-16i,0.36311275476855637+1.1555710826679657E-16i
76,1.0211346514662867-9.58941006067489E-16i,0.5109207841377483-4.798024335559614E-16i
76,1.0700523427003072+3.4060030684562854E-16i,0.5353965622612363+1.7041804976576254E-16i
76,1.1737184088999957+4.597758907339624E-16i,0.5872654786232124+2.300470934798979E-16i
76,1.2356033629114904,0.6182293766600478
76,1.3147927203030902-3.7040929376084024E-14i,0.6578514661815259-1.8533286138948176E-14i
76,1.3399700608109517+1.4916175230530695E-13i,0.6704488513905268+7.463250741883587E-14i
77,0.5460465736618836-6.971979974242492E-16i,0.27321229691936594-3.488403287771748E-16i
77,0.6593300987764052+1.5480821230871881E-15i,0.32989327175288974+7.745769190200182E-16i
77,0.7155759850194053,0.3580356839827865
77,0.731911242590446-1.80204151536585E-16i,0.3662089671000559-9.016445213737749E-17i
77,1.019575054423598-7.410136849507074E-16i,0.5101404457731211-3.7076333902504683E-16i
77,1.0732548945805178,0.5369989467416078
77,1.1945093853829063-4.743495375089869E-16i,0.5976681635114247-2.373389614302706E-16i
77,1.228898043335722,0.6148743958740893
77,1.3047533207689002-4.23542628267114E-15i,0.6528282913485937-2.119179203636507E-15i
77,1.3492837182338522+8.737391129266755E-13i,0.6751089039574099+4.3717199496393373E-13i
78,0.5326736350788129-3.797064581114478E-16i,0.26652119868146223-1.8998466171126014E-16i
78,0.6424113598020018+1.4391197823008282E-15i,0.32142804596605384+7.20058032097406E-16i
78,0.7191354645150061+1.7441207847388449E-16i,0.35981665581877614+8.726641072165556E-17i
78,0.738445819616359,0.3694785175097829
78,1.0195104665051886-5.492137315934986E-16i,0.5101081294572737-2.747969721740791E-16i
78,1.076921272541739+2.8681818750555366E-16i,0.5388334048125415+1.4350837380249587E-16i
78,1.2159001560616745+7.484364894581249E-16i,0.6083709531120064+3.74477310629071E-16i
78,1.221746723815276,0.6112962607361235
78,1.2946711611771113-1.3568738502352314E-15i,0.647783721685776-6.789065972276217E-16i
78,1.3597643839864761+1.3404043398023511E-12i,0.6803528646406821+6.706661412087713E-13i
79,0.5183687456852323-5.519170298034574E-16i,0.2593638024502432-2.7614955700626265E-16i
79,0.6241694584126662+2.2117486646789045E-16i,0.3123007809686124+1.1066399132090096E-16i
79,0.7231266065163038,0.3618136083244815
79,0.7452808409273016,0.37289839405864983
79,1.0208042291233692-8.695263159010391E-16i,0.5107554585929757-4.3506413822176893E-16i
79,1.08103894587767,0.5408936667834735
79,1.214242147083168,0.6075413747148876
79,1.2377783300770233+1.4897069822472164E-16i,0.6193176130920328+7.453691424654934E-17i
79,1.2845491596736514-8.717041040371486E-16i,0.642719217276132-4.3615378611550085E-16i
79,1.37131258317048+1.6253525259848047E-12i,0.6861309615586526+8.132388670622284E-13i
80,0.5032326818901482+4.62048555626885E-16i,0.25179053131324014+2.311842125929424E-16i
80,0.6048066852555503-6.381019462403888E-16i,0.3026126921055917-3.192718475127827E-16i
80,0.7275338653829786,0.3640187632987311
80,0.7523906824028803-2.1134559715089893E-16i,0.3764557758168554-1.0574595433162911E-16i
80,1.0233248257214396-8.727432202158354E-16i,0.5120166293783679-4.36673703887425E-16i
80,1.085593582828835-5.92151740431178E-16i,0.5431725618138308-2.962808392754053E-16i
80,1.2064561186420735,0.6036456654166764
80,1.2600452242800304+8.958706159880167E-16i,0.6304587677185813+4.482454071549809E-16i
80,1.2743863714600459-7.336894530372626E-16i,0.6376343053933894-3.6709868783820235E-16i
80,1.3838317109899168+4.24830600369413E-12i,0.6923948588742933+2.1256235223706643E-12i
81,0.4873506287115427+4.598090586646319E-15i,0.2438440072656244+2.3006368892607293E-15i
81,0.5844988791342587-3.4352324905667206E-16i,0.2924517596441295-1.7188053262667738E-16i
81,0.7323401384303038-9.377792925602727E-17i,0.36642356347919053-4.692142518276457E-17i
81,0.7597618910534635-1.7267120614100642E-16i,0.38014393163292826-8.639537196479759E-17i
81,1.026951446435611-9.3836092084651E-16i,0.5138311950640921-4.695052672972063E-16i
81,1.0905689781160406+3.350828259937011E-16i,0.5456619816546756+1.676573995035431E-16i
81,1.1984444027685006,0.599637034282147
81,1.2641810625671983+3.188436522009841E-16i,0.6325281184527988+1.5953219153414329E-16i
81,1.2826114717904338+6.744559303333124E-16i,0.6417497026178193+3.374614232289889E-16i
81,1.3972266410847614+1.777913368967085E-11i,0.6990969604802874+8.89572096390306E-12i
82,0.47079637298054866+7.819538213221502E-15i,0.23556114926374264+3.912475783440907E-15i
82,0.5633958579228102-2.1659476602748147E-15i,0.28189294437961315-1.0837235573191845E-15i
82,0.737526814900332+1.2001758764976072E-16i,0.3690186970449063+6.005033704838602E-17i
82,0.7673876554983237+6.309818244765125E-16i,0.3839594534587943+3.1570932205198063E-16i
82,1.0315760562095628-5.735703110261612E-16i,0.5161451007264313-2.8698369274494615E-16i
82,1.0959469573529204+4.976069754800506E-16i,0.548352832821892+2.4897573081043816E-16i
82,1.1902507827407267,0.5955373881057041
82,1.253931338505102,0.6273997085535931
82,1.305392229943781-4.9926680318056295E-15i,0.653147967089843-2.498062191980975E-15i
82,1.4114040980085032+4.424252716839556E-11i,0.7061905963667554+2.2136577816308288E-11i
83,3.712692308609037E-8-2.1655139927638285E-9i,1.8576312760054675E-8-1.0835065734528059E-9i
83,0.4536350149806805+1.404586631022866E-14i,0.22697452998334625+7.0277950305684426E-15i
83,0.54162360143334+6.618376102797036E-16i,0.27099927982511485+3.3114789546158475E-16i
83,0.7430738084207491,0.37179411385696826
83,0.7752642292127163,0.3879004667352487
83,1.0371033085441141-7.519611636037726E-16i,0.518910640112291-3.7624086774246292E-16i
83,1.1017072528796013+7.174457991082149E-16i,0.5512349744700389+3.5897123824987024E-16i
83,1.1819102558554235,0.5913642376497461
83,1.243635365243388,0.6222481580457511
83,1.3283012926039581-3.3721525659498045E-14i,0.6646104282269626-1.6872435292967597E-14i
84,3.7944354922683166E-8-1.8460739338077953E-8i,1.8985311626493534E-8-9.236759720992356E-9i
84,0.4359247274451939+2.2984887825398365E-14i,0.2181132559271357+1.150039996606504E-14i
84,0.5192872149988247+1.9121696834612652E-16i,0.2598233550285768+9.567467254936406E-17i
84,0.7489595660962772,0.37473903000735787
84,0.7833887017490168-2.0955732803627742E-16i,0.3919655152310486-1.0485120077784482E-16i
84,1.0434493113664194-6.620316593089272E-16i,0.5220858381466118-3.3124498714487033E-16i
84,1.1078273446560432+3.8997154082225726E-16i,0.5542971387839465+1.9512075625110817E-16i
84,1.1734515004533415,0.5871319320114491
84,1.233291490824308,0.6170726403785856
84,1.3512428744577352-3.3109633367591417E-13i,0.6760891602171668-1.656627734490476E-13i
85,1.0081422166198912E-8-2.8080145234434487E-8i,5.044200694768101E-9-1.404979235723526E-8i
85,0.41771792677475117+2.622587371859711E-14i,0.2090035534390017+1.3122014756587259E-14i
85,0.49647405037133857-3.893811362496621E-16i,0.24840887610221596-1.9482534960052035E-16i
85,0.7551610460997632,0.3778419166067362
85,0.7917576688894421-1.4418520040671197E-16i,0.3961528956589572-7.214250887194365E-17i
85,1.0505399021533481-6.944286456426635E-16i,0.5256335878970051-3.4745469429520973E-16i
85,1.1142822588707377+6.021012329485712E-16i,0.557526830213356+3.012590294792729E-16i
85,1.1648987850488737,0.5828526138483812
85,1.2228983404986344,0.611872467701623
85,1.3740986540964493-2.2233546013852763E-12i,0.6875249614000208-1.1124468988735914E-12i
86,5.619156139373668E-8-2.6168634494149145E-8i,2.8115231001109777E-8-1.3093375331418014E-8i
86,0.3990620903477427+2.117156094251455E-14i,0.199669177642092+1.0593108854583601E-14i
86,0.47325664017405833+6.267662556535843E-15i,0.23679213446426575+3.136000784517322E-15i
86,0.7616536538805297+1.9491214071866213E-16i,0.38109046786653805+9.752353779293313E-17i
86,0.8003664862561113-5.085802743686019E-16i,0.4004602842224159-2.544661785830859E-16i
86,1.0583088089366606-8.818542877075733E-16i,0.5295207304397866-4.412323913636813E-16i
86,1.1210443158973615+7.193394877669551E-16i,0.5609101993640021+3.599187380659298E-16i
86,1.1562734739046439,0.5785369726869398
86,1.2124549087057692,0.606647136886497
86,1.3967050919684312-2.0457304545203496E-11i,0.6988360053916521-1.023573342122077E-11i
87,4.107643448874003E-8-2.4254861300730207E-8i,2.05524355563041E-8-1.2135826295902117E-8i
87,0.3800003630492388+1.642032336663648E-14i,0.1901317159132329+8.215845459979758E-15i
87,0.44969529043874734+8.1735166276609E-15i,0.2250033040051064+4.089587517739139E-15i
87,0.7684111246941234+3.5110218545789074E-16i,0.3844715423231845+1.7567262422153263E-16i
87,0.8092088902436168-2.4506615926255144E-16i,0.40488454695061915-1.226179075171488E-16i
87,1.0666958804673414-5.956246248438611E-16i,0.5337171693295273-2.980184835956719E-16i
87,1.128082818258859+6.316713457261477E-16i,0.5644318868716464+3.1605432134961227E-16i
87,1.147595255976913,0.5741948598204459
87,1.201960658180925,0.6013963791148432
87,1.4188102998211023-1.394468746238083E-10i,0.7098962608764672-6.977170584315113E-11i
88,4.929606852910208E-8-1.5236535867635565E-8i,2.4665097743604048E-8-7.623541950963073E-9i
88,0.36057203761764794+1.2527897849354632E-14i,0.18041082822252716+6.268285366282279E-15i
88,0.4258402874834659+1.1196385441259713E-14i,0.2130675452900149+5.6020682688053375E-15i
88,0.7754053368343593-2.01887425255679E-16i,0.3879710693894571-1.0101359450594267E-16i
88,0.8182768394727115-1.9551582279263393E-16i,0.4094216603704777-9.782558779012075E-17i
88,1.0756454480119764-7.011166240319082E-16i,0.5381950509301886-3.508009984853796E-16i
88,1.135363668511075+5.990126254965967E-16i,0.5680748322116271+2.997136566540626E-16i
88,1.138883199081895,0.5698358157571938
88,1.1914156331706665-1.347322048390415E-16i,0.5961202165252601-6.741273900178045E-17i
88,1.4399872369852253-9.265203553459489E-10i,0.7204920597027954-4.6358088602046266E-10i
89,3.816624360827235E-8-2.2249918522876887E-8i,1.9096332774458428E-8-1.1132660910474048E-8i
89,0.3408129573527865+1.560258096899789E-14i,0.1705244486267829+7.80669120551953E-15i
89,0.40173373416767105+1.8966809982672797E-14i,0.2010059243223212+9.489970215998295E-15i
89,0.7826060354069406-2.603844231344418E-16i,0.3915739111456936-1.3028234175979928E-16i
89,0.8275604763552018+4.3639096556562333E-16i,0.4140666922757618+2.1834653637231759E-16i
89,1.085104809893464-5.796242547406529E-16i,0.5429280061609141-2.9001276013120354E-16i
89,1.1301567126542456,0.565469551932947
89,1.1428489067552028+5.833277866498483E-16i,0.5718200422949947+2.91865808036696E-16i
89,1.1808205940453387-1.5928794775602165E-16i,0.5908190295661165-7.969911025381181E-17i
89,1.4594585074898745-3.53024828370208E-9i,0.730234434795158-1.7663461118668702E-9i
90,5.028648536271631E-8-2.190863492265657E-7i,2.5160648986064376E-8-1.0961900977503862E-7i
90,4.238897054470062E-7+2.0372032238190997E-10i,2.120915790918627E-7+1.0193067751319646E-10i
90,0.3207558683027107+1.1065382758708351E-15i,0.16048896148483693+5.536521581894673E-16i
90,0.37741105682763443-1.3850700800220917E-15i,0.18883616653273233-6.930144720429016E-16i
90,0.7899804403562899-4.4148045345966447E-16i,0.3952636662175253-2.2089304200891426E-16i
90,0.8370481378024546+2.602395017716786E-16i,0.4188138070850608+1.3020983091493178E-16i
90,1.095022787279032-6.152458137887079E-16i,0.5478904278901332-3.0783586980132163E-16i
90,1.1214364911811054,0.5611064227545237
90,1.1504961583745454+6.976935945430022E-16i,0.5756463151457326+3.4908829888392425E-16i
90,1.1701771831454753,0.585493639976164
91,1.00291078708582E-7-6.529128176608099E-7i,5.018025438881221E-8-3.2668240989945615E-7i
91,3.54639369017195E-6-1.204824183991422E-4i,1.774424403717963E-6-6.028291332089258E-5i
91,0.3004307357372051+4.0346602187446555E-16i,0.1503193598038439+2.0187266779463087E-16i
91,0.352902232275394+9.819373964219792E-17i,0.17657327070352483+4.9130858876808986E-17i
91,0.7974927043534996,0.3990223985322037
91,0.8467263606621978,0.4236562685620652
91,1.1053482701355888-4.90720011137384E-16i,0.5530567434099304-2.455298647660029E-16i
91,1.1127455057569378,0.5567579217204345
91,1.1582579854606765+6.405258178406221E-16i,0.5795299153893373+3.204846223185952E-16i
91,1.1594881367041252,0.5801454168190542
92,4.48928690212982E-7+7.202282127032958E-7i,2.2461973853907724E-7+3.6036340815983555E-7i
92,1.0009208128006218E-4-1.4781379001552536E-4i,5.0080686793025745E-5-7.395805968650753E-5i
92,0.27986503289894815-9.389707182082092E-16i,0.14002938971480805-4.698103770550204E-16i
92,0.32823278310678816-6.799517264695498E-16i,0.1642300069670806-3.4021122362735514E-16i
92,0.8051031757776089,0.4028302685541253
92,0.8565798331277783,0.4285864155033771
92,1.1041101124064772,0.5524372359659947
92,1.1160286439657325-6.336111222280443E-16i,0.5584006272594753-3.170248810402249E-16i
92,1.1487575663981713,0.5747764173564557
92,1.16608114165374+6.284539613841664E-16i,0.5834442014150368+3.1444451550420574E-16i
93,7.595805712109807E-8-8.234235857419276E-11i,3.800532089491294E-8-4.11996815014236E-11i
93,0.2590840064162841+1.3189566102533088E-13i,0.12963168327084001+6.599348524571498E-14i
93,0.303424584378768+3.017279451155307E-14i,0.1518173204237686+1.509684135126895E-14i
93,0.8127674094731512,0.40666503832118645
93,0.8665912378108585,0.4335955832205384
93,1.0955613518107767,0.5481598965762391
93,1.127007951085306-3.0876341256770477E-16i,0.5638940812273399-1.5448858251516024E-16i
93,1.137991349130787,0.5693895820742029
93,1.1739057418848857+4.0191963520306275E-16i,0.587359209959621+2.0109893918832146E-16i
93,1.4877606429429706+2.761258361270536E-9i,0.7443952991020394+1.3815849703283075E-9i
94,1.9744670927181253E-8-4.359980382649735E-8i,9.87916993921571E-9-2.1814993671303775E-8i
94,0.2381109209604321-1.5287073457768485E-13i,0.11913788086044784-7.648828239252346E-14i
94,0.27849651825871+1.796633627640196E-15i,0.13934465869320337+8.989387056095633E-16i
94,0.8204348544275036+1.0439631903744839E-16i,0.4105014148292067+5.223429555261613E-17i
94,0.8767409118397188,0.4386739334715279
94,1.087136523922053,0.5439445664383856
94,1.1271976901962573,0.5639890164596422
94,1.138224584756205-3.191821667265779E-16i,0.5695062806197436-1.59701565971305E-16i
94,1.181664378761331+5.428597196615923E-16i,0.5912412139941148+2.7161776681266226E-16i
94,1.4805549488216907-2.055085184432722E-9i,0.7407899578422803-1.0282539451506426E-9i
95,2.796908601383463E-8-4.4929020050944053E-8i,1.3994224304586056E-8-2.2480061882149176E-8i
95,0.2169672849284831-1.946252533918934E-13i,0.10855874412715368-9.737999482556699E-14i
95,0.2534650068867053-1.354249995603957E-14i,0.12682023852983582-6.7759376168360294E-15i
95,0.8280471367366978,0.41431019092049565
95,0.8870062050248463,0.4438101333213891
95,1.078881128369028,0.5398140111161642
95,1.116387973333702-1.3959080466193013E-16i,0.5585804163227326-6.984372068255807E-17i
95,1.1496082282839086-5.000733558731249E-16i,0.5752020427498089-2.502097747267836E-16i
95,1.189281249918997+1.8326842279463958E-16i,0.5950522860980363+9.169764844182949E-17i
95,1.4709179918318243-6.875616407632011E-10i,0.7359681435840979-3.4401881489120105E-10i
96,4.146161910079642E-8-2.4901620125394157E-8i,2.0745161191211365E-8-1.2459429579142792E-8i
96,0.19567305860091885+8.066509207470052E-14i,0.0979042601203057+4.036046767795965E-14i
96,0.22834444802039172+3.638414706413033E-15i,0.11425126379616514+1.82046676425047E-15i
96,0.8355358575448608,0.4180571434913453
96,0.8973603281971566,0.44899077891270195
96,1.0708512578206695,0.5357962963601319
96,1.1055781026977605,0.5531717392459021
96,1.1610756191012694-6.767407777147471E-16i,0.5809397075132238-3.3860463780317E-16i
96,1.1966714097593358+9.476838264789288E-16i,0.5987499240688049+4.741699471700495E-16i
96,1.4600115295004563-1.7856405235385012E-10i,0.7305111372250347-8.934383483749119E-11i
97,3.5771053266169844E-8-2.702000490333255E-8i,1.789790852552227E-8-1.351935523174463E-8i
97,0.174246846165379-1.1085761897237563E-12i,0.08718373737342935-5.546718205251294E-13i
97,0.2031475732304995+5.618907075577234E-14i,0.10164410468449785+2.8113984820011216E-14i
97,0.8428198595384955,0.42170166579298773
97,0.9077703044677452-1.2881462651865853E-16i,0.45419937038630165-6.445190151447632E-17i
97,1.063116495829995,0.5319262380326434
97,1.0947907227600766-2.5744169741419184E-16i,0.5477743153031938-1.28809960296362E-16i
97,1.1725245248968004-4.3853399691385985E-16i,0.5866681233672664-2.1941879384130128E-16i
97,1.203740327462786+5.068174830191681E-16i,0.6022868297754772+2.5358417273084033E-16i
97,1.4485078832382536-5.719114831614884E-11i,0.7247553321896378-2.861537046212925E-11i
98,1.95376902017889E-8-6.811938150102864E-8i,9.775607931632273E-9-3.408326978377253E-8i
98,0.15270607302864042-4.376318676787107E-12i,0.07640589462159204-2.1896741695818982E-12i
98,0.17788574448515207+3.060931997207048E-13i,0.08900444611175912+1.531525518167162E-13i
98,0.8498020227945551,0.4251951642465377
98,0.9181932613164515,0.45941445664209374
98,1.05576326218598,0.5282470759417737
98,1.08405907799861,0.5424047782409238
98,1.1838250667617127-4.562659946814706E-16i,0.592322305900894-2.282909305284144E-16i
98,1.2103840190138395+5.738403496079923E-16i,0.6056109752169814+2.871188055077718E-16i
98,1.4368445464345478-1.706766592179055E-11i,0.7189196266077587-8.539740810519598E-12i
99,1.7004388764307695E-8-6.213548544443434E-8i,8.508080328845879E-9-3.108925047295603E-8i
99,0.13106714986041854-7.33865739056787E-12i,0.06557894288008666-3.671868918681004E-12i
99,0.1525692017972527+8.688448546359472E-13i,0.0763374116289073+4.3472317170631443E-13i
99,0.8563659031370816,0.4284793764577034
99,0.928569478889644,0.46460615708166547
99,1.048898295508036,0.524812216344033
99,1.073434097350219,0.5370886101562063
99,1.1948072896474793-4.41121374276185E-16i,0.5978172187611266-2.2071337812450154E-16i
99,1.2164901109656747+4.2429145028213174E-16i,0.6086661347726473+2.1229259057050647E-16i
99,1.4253658603218435-1.5192873435172258E-12i,0.7131763102868869-7.601695621294911E-13i
100,6.039792029754364E-8-3.000784634546782E-8i,3.021986645385037E-8-1.501431017260672E-8i
100,0.10934562487376828-3.008420391957003E-12i,0.05471066163734259-1.5052515390282113E-12i
100,0.1272072721103926+3.4082842773130827E-12i,0.06364766793619234+1.7053218917100388E-12i
100,0.8623730267175431+1.0815848321714875E-16i,0.43148501757049357+5.411667988849911E-17i
100,0.9388087065657326,0.469729315154619
100,1.0426514615618658,0.5216866370743719
100,1.062998192047622,0.5318670451914547
100,1.2052439849041232-2.68644438733688E-16i,0.6030391789763386-1.3441520870432705E-16i
100,1.2219402549975142+4.3751809974165915E-16i,0.6113930933166675+2.1891049360971206E-16i
100,1.414402996865463-1.932996640569721E-12i,0.7076910838424744-9.671674131490596E-13i
101,1.0596659117277578E-7-3.0430678473722816E-8i,5.301997515866915E-8-1.522587259702985E-8i
101,0.08755632585986624+1.891413660408267E-12i,0.04380846992148126+9.463615294192626E-13i
101,0.10180854761799446+1.0433980026728319E-11i,0.050939514104451446+5.220601660396832E-12i
101,0.8676624872349291,0.43413157873784586
101,0.948761649163452,0.47470923159287015
101,1.0371762425528301,0.5189471323622308
101,1.052893866294382,0.5268113847752545
101,1.2148291987982325-2.4891534403293873E-16i,0.6078351037761425-1.2454383226992593E-16i
101,1.226614286513655+3.5622214113018224E-16i,0.6137317269570812+1.7823437429345647E-16i
101,1.404326510766255-6.393375232016224E-13i,0.7026493528897857-3.1989006367946504E-13i
102,1.422307126206379E-7-8.057534326764201E-8i,7.11645884470372E-8-4.031556220852727E-8i
102,0.06571349355999949-6.941520723747254E-11i,0.032879493032476226-3.4731631192739613E-11i
102,0.07638104023584412+4.9106946315323175E-11i,0.038216958864844476+2.4570471173422502E-11i
102,0.8720555395125419,0.436329625500056
102,0.958157292515015,0.47941030550292313
102,1.032645214954202,0.5166800501803495
102,1.0433864719196355,0.522054396671798
102,1.2231579661347296-2.7691667503743567E-16i,0.6120023703872145-1.3855419023121438E-16i
102,1.2303963307448258,0.6156240582000361
102,1.3955826091736572-3.1610251911925236E-13i,0.6982743754549308-1.5816067616980496E-13i
103,3.1389136339762213E-7-2.1169642511483837E-7i,1.5705433293336324E-7-1.0592148975017162E-7i
103,0.04383090784837487-5.954937538881116E-10i,0.021930625677235117-2.9795300281775846E-10i
103,0.050932317856145756+3.6150396703354844E-10i,0.025483788783044914+1.8087711551113227E-10i
103,0.8753684560873914+1.199168279151375E-16i,0.437987230529691+5.9999922303818E-17i
103,0.9664636778699173,0.4835663733758358
103,1.0292372501711742,0.5149748881463726
103,1.035003498378108,0.5178600081951235
103,1.2297250923550078-1.6172484286419825E-16i,0.6152882066607932-8.091840132158941E-17i
103,1.233182646642375+2.0447104329952552E-16i,0.6170181806119893+1.0230629782864258E-16i
103,1.3887029561698372-6.385881152637923E-14i,0.6948321676106861-3.1951510030839014E-14i
104,1.1577541055122404E-6-8.11721990159126E-7i,5.792778010007045E-7-4.0614196679980815E-7i
104,0.0219219910858767+1.0477745606321608E-8i,0.010968583682253624+5.24249959933362E-9i
104,0.02546963587255489+9.35702993020305E-9i,0.01274363406728275+4.681753833615312E-9i
104,0.8774354821537048,0.4390214590490322
104,0.9726305670855688,0.48665195260794486
104,1.0271146032594087,0.5139128299515503
104,1.0287919570287654,0.5147520874401543
104,1.2339783066550944,0.6174162860303316
104,1.2348903894321444+1.5401452271965476E-16i,0.6178726431297402+7.70605723775353E-17i
104,1.3842562546754131+3.4936353085908184E-14i,0.6926072776697803+1.7480269509936196E-14i
105,1.3295922023342076E-7i,6.652563299311924E-8i
105,1.689882196956264E-7,8.455260390287724E-8
105,0.8781388045440992,0.439373363694209
105,0.9750186793027504,0.48784683534437867
105,1.0263889617869004,0.5135497580397271
105,1.0263931923422236,0.513551874781765
105,1.235457283057962,0.6181562861687944
105,1.2354658884470557,0.6181605918420348
105,1.3827117856698046,0.6918345085601543
105,1.556103910413576,0.7785905893671161
